reach_id,site_id,date,reach,taxon_id,month,year,year_month,measured_reach_length,n,mean_wetted_width_m,sd_wetted_width_m,fixed_random_reach,1,2,3,target_taxa_present,site_int,increased
ARIK.20160412.01,ARIK,2016-04-12,01,NA,4,2016,2016_4,80,1,5.7121025641025645,2.9406092458160407,fixed,4,2,4,NA,1,depletion
ARIK.20160413.06,ARIK,2016-04-13,06,NA,4,2016,2016_4,100,1,5.7121025641025645,2.9406092458160407,fixed,26,10,18,NA,2,depletion
ARIK.20160414.09,ARIK,2016-04-14,09,NA,4,2016,2016_4,120,1,5.7121025641025645,2.9406092458160407,fixed,47,29,19,NA,3,depletion
ARIK.20161011.01,ARIK,2016-10-11,01,NA,10,2016,2016_10,80,1,5.7121025641025645,2.9406092458160407,fixed,15,10,11,NA,4,depletion
ARIK.20161011.06,ARIK,2016-10-11,06,NA,10,2016,2016_10,100,1,5.7121025641025645,2.9406092458160407,fixed,54,40,5,NA,5,depletion
ARIK.20161012.09,ARIK,2016-10-12,09,NA,10,2016,2016_10,120,1,5.7121025641025645,2.9406092458160407,fixed,19,27,28,NA,6,no depletion
ARIK.20170410.01,ARIK,2017-04-10,01,NA,4,2017,2017_4,80,1,5.7121025641025645,2.9406092458160407,fixed,15,7,6,NA,7,depletion
ARIK.20170411.06,ARIK,2017-04-11,06,NA,4,2017,2017_4,100,1,5.7121025641025645,2.9406092458160407,fixed,99,33,26,NA,8,depletion
ARIK.20170412.09,ARIK,2017-04-12,09,NA,4,2017,2017_4,120,1,5.7121025641025645,2.9406092458160407,fixed,82,24,22,NA,9,depletion
ARIK.20171017.01,ARIK,2017-10-17,01,POESP2,10,2017,2017_10,86,1,5.7121025641025645,2.9406092458160407,fixed,23,30,40,NA,10,no depletion
ARIK.20171018.06,ARIK,2017-10-18,06,NA,10,2017,2017_10,102,1,5.7121025641025645,2.9406092458160407,fixed,82,40,26,NA,11,depletion
ARIK.20171019.09,ARIK,2017-10-19,09,NA,10,2017,2017_10,112,1,5.7121025641025645,2.9406092458160407,fixed,81,47,13,NA,12,depletion
ARIK.20180402.01,ARIK,2018-04-02,01,NA,4,2018,2018_4,86,1,5.7121025641025645,2.9406092458160407,fixed,66,39,24,NA,13,depletion
ARIK.20180403.06,ARIK,2018-04-03,06,NA,4,2018,2018_4,99,1,5.7121025641025645,2.9406092458160407,fixed,48,44,19,NA,14,depletion
ARIK.20180404.09,ARIK,2018-04-04,09,NA,4,2018,2018_4,113,1,5.7121025641025645,2.9406092458160407,fixed,71,42,12,NA,15,depletion
ARIK.20181015.01,ARIK,2018-10-15,01,GAMAFF,10,2018,2018_10,86,1,5.7121025641025645,2.9406092458160407,fixed,200,200,140,NA,16,depletion
ARIK.20181015.01,ARIK,2018-10-15,01,NA,10,2018,2018_10,86,1,5.7121025641025645,2.9406092458160407,fixed,51,2,1,NA,17,depletion
ARIK.20181017.06,ARIK,2018-10-17,06,NA,10,2018,2018_10,102,1,5.7121025641025645,2.9406092458160407,fixed,29,13,35,NA,18,no depletion
ARIK.20181018.09,ARIK,2018-10-18,09,GAMAFF,10,2018,2018_10,112,1,5.7121025641025645,2.9406092458160407,fixed,116,131,126,NA,19,no depletion
ARIK.20181018.09,ARIK,2018-10-18,09,NA,10,2018,2018_10,112,1,5.7121025641025645,2.9406092458160407,fixed,92,28,23,NA,20,depletion
ARIK.20190409.01,ARIK,2019-04-09,01,NA,4,2019,2019_4,86,1,5.7121025641025645,2.9406092458160407,fixed,44,16,2,NA,21,depletion
ARIK.20190410.06,ARIK,2019-04-10,06,ETHSPE,4,2019,2019_4,102,1,5.7121025641025645,2.9406092458160407,fixed,37,63,29,NA,22,depletion
ARIK.20190410.06,ARIK,2019-04-10,06,NA,4,2019,2019_4,102,1,5.7121025641025645,2.9406092458160407,fixed,63,8,3,NA,23,depletion
ARIK.20191014.01,ARIK,2019-10-14,01,GAMAFF,10,2019,2019_10,86,1,5.7121025641025645,2.9406092458160407,fixed,101,206,134,NA,24,no depletion
ARIK.20191014.01,ARIK,2019-10-14,01,NA,10,2019,2019_10,86,1,5.7121025641025645,2.9406092458160407,fixed,67,16,5,NA,25,depletion
ARIK.20191015.06,ARIK,2019-10-15,06,GAMAFF,10,2019,2019_10,102,1,5.7121025641025645,2.9406092458160407,fixed,153,170,122,NA,26,depletion
ARIK.20191015.06,ARIK,2019-10-15,06,NA,10,2019,2019_10,102,1,5.7121025641025645,2.9406092458160407,fixed,58,14,8,NA,27,depletion
ARIK.20191016.09,ARIK,2019-10-16,09,GAMAFF,10,2019,2019_10,113,1,5.7121025641025645,2.9406092458160407,fixed,219,220,123,NA,28,depletion
ARIK.20191016.09,ARIK,2019-10-16,09,NA,10,2019,2019_10,113,1,5.7121025641025645,2.9406092458160407,fixed,99,40,23,NA,29,depletion
ARIK.20210405.01,ARIK,2021-04-05,01,NA,4,2021,2021_4,91,1,5.7121025641025645,2.9406092458160407,fixed,4,0,8,N,30,no depletion
ARIK.20210406.06,ARIK,2021-04-06,06,NA,4,2021,2021_4,95,1,5.7121025641025645,2.9406092458160407,fixed,2,3,5,NA,31,no depletion
ARIK.20210408.09,ARIK,2021-04-08,09,NA,4,2021,2021_4,119,1,5.7121025641025645,2.9406092458160407,fixed,7,5,6,NA,32,depletion
ARIK.20220329.01,ARIK,2022-03-29,01,NA,3,2022,2022_3,91,1,5.7121025641025645,2.9406092458160407,fixed,1,0,1,N,33,depletion
ARIK.20220330.06,ARIK,2022-03-30,06,NA,3,2022,2022_3,80,1,5.7121025641025645,2.9406092458160407,fixed,3,7,4,NA,34,no depletion
ARIK.20220331.09,ARIK,2022-03-31,09,NA,3,2022,2022_3,119,1,5.7121025641025645,2.9406092458160407,fixed,2,1,8,NA,35,no depletion
BIGC.20181015.01,BIGC,2018-10-15,01,NA,10,2018,2018_10,100,1,3.8906666666666667,1.0763562118020205,fixed,34,22,15,NA,36,depletion
BIGC.20181017.04,BIGC,2018-10-17,04,NA,10,2018,2018_10,100,1,3.8906666666666667,1.0763562118020205,fixed,56,29,8,NA,37,depletion
BIGC.20181018.07,BIGC,2018-10-18,07,NA,10,2018,2018_10,90,1,3.8906666666666667,1.0763562118020205,fixed,51,14,9,NA,38,depletion
BIGC.20190422.01,BIGC,2019-04-22,01,NA,4,2019,2019_4,105,1,3.8906666666666667,1.0763562118020205,fixed,27,7,10,NA,39,depletion
BIGC.20190423.04,BIGC,2019-04-23,04,NA,4,2019,2019_4,100,1,3.8906666666666667,1.0763562118020205,fixed,36,23,17,NA,40,depletion
BIGC.20190424.07,BIGC,2019-04-24,07,NA,4,2019,2019_4,90,1,3.8906666666666667,1.0763562118020205,fixed,15,12,7,NA,41,depletion
BIGC.20191021.01,BIGC,2019-10-21,01,NA,10,2019,2019_10,102,1,3.8906666666666667,1.0763562118020205,fixed,54,11,10,NA,42,depletion
BIGC.20191022.04,BIGC,2019-10-22,04,NA,10,2019,2019_10,102,1,3.8906666666666667,1.0763562118020205,fixed,55,26,22,NA,43,depletion
BIGC.20191023.07,BIGC,2019-10-23,07,NA,10,2019,2019_10,100,1,3.8906666666666667,1.0763562118020205,fixed,53,8,12,NA,44,depletion
BIGC.20210420.04,BIGC,2021-04-20,04,NA,4,2021,2021_4,77,1,3.8906666666666667,1.0763562118020205,fixed,25,8,3,NA,45,depletion
BIGC.20220425.01,BIGC,2022-04-25,01,NA,4,2022,2022_4,100,1,3.8906666666666667,1.0763562118020205,fixed,24,9,13,NA,46,depletion
BIGC.20220426.04,BIGC,2022-04-26,04,SALSP2,4,2022,2022_4,100,1,3.8906666666666667,1.0763562118020205,fixed,7,3,2,NA,47,depletion
BIGC.20220427.07,BIGC,2022-04-27,07,SALTRU,4,2022,2022_4,100,1,3.8906666666666667,1.0763562118020205,fixed,6,14,4,NA,48,depletion
BIGC.20220427.07,BIGC,2022-04-27,07,NA,4,2022,2022_4,100,1,3.8906666666666667,1.0763562118020205,fixed,55,6,2,NA,49,depletion
BIGC.20221011.01,BIGC,2022-10-11,01,NA,10,2022,2022_10,100,1,3.8906666666666667,1.0763562118020205,fixed,12,8,2,NA,50,depletion
BLDE.20180918.02,BLDE,2018-09-18,02,NA,9,2018,2018_9,82,1,3.4142352941176473,1.2440993552866144,fixed,14,11,4,NA,51,depletion
BLDE.20180918.03,BLDE,2018-09-18,03,NA,9,2018,2018_9,90,1,3.4142352941176473,1.2440993552866144,fixed,23,9,14,NA,52,depletion
BLDE.20180919.06,BLDE,2018-09-19,06,NA,9,2018,2018_9,96,1,3.4142352941176473,1.2440993552866144,fixed,14,10,8,NA,53,depletion
BLDE.20190923.02,BLDE,2019-09-23,02,NA,9,2019,2019_9,82,1,3.4142352941176473,1.2440993552866144,fixed,22,15,10,NA,54,depletion
BLDE.20190925.06,BLDE,2019-09-25,06,NA,9,2019,2019_9,96,1,3.4142352941176473,1.2440993552866144,fixed,26,19,5,NA,55,depletion
BLDE.20201006.02,BLDE,2020-10-06,02,NA,10,2020,2020_10,82,1,3.4142352941176473,1.2440993552866144,fixed,23,16,11,NA,56,depletion
BLDE.20210928.03,BLDE,2021-09-28,03,SALFON,9,2021,2021_9,90,1,3.4142352941176473,1.2440993552866144,fixed,3,26,25,NA,57,no depletion
BLDE.20210929.06,BLDE,2021-09-29,06,NA,9,2021,2021_9,96,1,3.4142352941176473,1.2440993552866144,fixed,47,3,1,NA,58,depletion
BLUE.20170322.07,BLUE,2017-03-22,07,ETHRAD,3,2017,2017_3,80,1,22.95861111111111,3.259744482403164,fixed,103,108,137,NA,59,no depletion
BLUE.20170322.07,BLUE,2017-03-22,07,ETHSPE,3,2017,2017_3,80,1,22.95861111111111,3.259744482403164,fixed,35,43,38,NA,60,no depletion
BLUE.20170323.02,BLUE,2017-03-23,02,ETHRAD,3,2017,2017_3,98,1,22.95861111111111,3.259744482403164,fixed,51,76,68,NA,61,no depletion
BLUE.20170324.04,BLUE,2017-03-24,04,ETHRAD,3,2017,2017_3,98,1,22.95861111111111,3.259744482403164,fixed,5,24,10,NA,62,no depletion
BLUE.20170324.04,BLUE,2017-03-24,04,ETHSPE,3,2017,2017_3,98,1,22.95861111111111,3.259744482403164,fixed,22,41,28,NA,63,no depletion
BLUE.20171031.02,BLUE,2017-10-31,02,ETHRAD,10,2017,2017_10,98,1,22.95861111111111,3.259744482403164,fixed,21,48,15,NA,64,depletion
BLUE.20171031.02,BLUE,2017-10-31,02,NA,10,2017,2017_10,98,1,22.95861111111111,3.259744482403164,fixed,169,38,20,NA,65,depletion
BLUE.20171101.04,BLUE,2017-11-01,04,CYPVEN,11,2017,2017_11,98,1,22.95861111111111,3.259744482403164,fixed,35,30,9,NA,66,depletion
BLUE.20171101.04,BLUE,2017-11-01,04,NA,11,2017,2017_11,98,1,22.95861111111111,3.259744482403164,fixed,188,46,35,NA,67,depletion
BLUE.20171102.07,BLUE,2017-11-02,07,ETHRAD,11,2017,2017_11,80,1,22.95861111111111,3.259744482403164,fixed,78,157,136,NA,68,no depletion
BLUE.20171102.07,BLUE,2017-11-02,07,NA,11,2017,2017_11,80,1,22.95861111111111,3.259744482403164,fixed,116,33,24,NA,69,depletion
BLUE.20220329.04,BLUE,2022-03-29,04,CYPVEN,3,2022,2022_3,101,1,22.95861111111111,3.259744482403164,fixed,108,11,6,NA,70,depletion
BLUE.20220329.04,BLUE,2022-03-29,04,ETHRAD,3,2022,2022_3,101,1,22.95861111111111,3.259744482403164,fixed,9,36,18,NA,71,no depletion
BLUE.20220329.04,BLUE,2022-03-29,04,ETHSP,3,2022,2022_3,101,1,22.95861111111111,3.259744482403164,fixed,56,38,34,NA,72,depletion
BLUE.20220329.04,BLUE,2022-03-29,04,ETHSPE,3,2022,2022_3,101,1,22.95861111111111,3.259744482403164,fixed,3,9,7,NA,73,no depletion
BLUE.20220329.04,BLUE,2022-03-29,04,NA,3,2022,2022_3,101,1,22.95861111111111,3.259744482403164,fixed,249,39,19,NA,74,depletion
CARI.20160926.01,CARI,2016-09-26,01,NA,9,2016,2016_9,95,1,3.0082477876106193,1.0668197860083206,fixed,9,8,2,NA,75,depletion
CARI.20180904.01,CARI,2018-09-04,01,NA,9,2018,2018_9,100,1,3.0082477876106193,1.0668197860083206,fixed,1,1,0,N,76,depletion
CARI.20190520.01,CARI,2019-05-20,01,NA,5,2019,2019_5,82,1,3.0082477876106193,1.0668197860083206,fixed,1,0,0,N,77,depletion
CARI.20190917.10,CARI,2019-09-17,10,NA,9,2019,2019_9,97,1,3.0082477876106193,1.0668197860083206,fixed,1,1,0,N,78,depletion
CARI.20210525.06,CARI,2021-05-25,06,NA,5,2021,2021_5,92,1,3.0082477876106193,1.0668197860083206,fixed,0,0,1,N,79,no depletion
CARI.20210526.10,CARI,2021-05-26,10,NA,5,2021,2021_5,97,1,3.0082477876106193,1.0668197860083206,fixed,1,0,0,N,80,depletion
CARI.20220531.01,CARI,2022-05-31,01,NA,5,2022,2022_5,89,1,3.0082477876106193,1.0668197860083206,fixed,2,1,0,N,81,depletion
CARI.20220825.01,CARI,2022-08-25,01,NA,8,2022,2022_8,79,1,3.0082477876106193,1.0668197860083206,fixed,24,15,17,NA,82,depletion
CARI.20220826.06,CARI,2022-08-26,06,NA,8,2022,2022_8,92,1,3.0082477876106193,1.0668197860083206,fixed,9,1,1,NA,83,depletion
CARI.20220829.10,CARI,2022-08-29,10,NA,8,2022,2022_8,97,1,3.0082477876106193,1.0668197860083206,fixed,12,1,1,NA,84,depletion
CUPE.20170213.03,CUPE,2017-02-13,03,NA,2,2017,2017_2,100,1,4.872858333333333,1.6330653176997496,fixed,20,8,10,NA,85,depletion
CUPE.20170215.06,CUPE,2017-02-15,06,NA,2,2017,2017_2,100,1,4.872858333333333,1.6330653176997496,fixed,38,22,4,NA,86,depletion
CUPE.20170216.08,CUPE,2017-02-16,08,NA,2,2017,2017_2,81,1,4.872858333333333,1.6330653176997496,fixed,8,14,2,NA,87,depletion
CUPE.20171211.03,CUPE,2017-12-11,03,NA,12,2017,2017_12,100,1,4.872858333333333,1.6330653176997496,fixed,5,1,2,NA,88,depletion
CUPE.20171212.06,CUPE,2017-12-12,06,NA,12,2017,2017_12,100,1,4.872858333333333,1.6330653176997496,fixed,6,3,2,NA,89,depletion
CUPE.20171213.08,CUPE,2017-12-13,08,NA,12,2017,2017_12,81,1,4.872858333333333,1.6330653176997496,fixed,5,4,2,NA,90,depletion
CUPE.20180213.03,CUPE,2018-02-13,03,NA,2,2018,2018_2,100,1,4.872858333333333,1.6330653176997496,fixed,4,1,0,N,91,depletion
CUPE.20180214.06,CUPE,2018-02-14,06,NA,2,2018,2018_2,100,1,4.872858333333333,1.6330653176997496,fixed,0,0,2,N,92,no depletion
CUPE.20180215.08,CUPE,2018-02-15,08,NA,2,2018,2018_2,81,1,4.872858333333333,1.6330653176997496,fixed,3,4,1,NA,93,depletion
CUPE.20181127.03,CUPE,2018-11-27,03,NA,11,2018,2018_11,100,1,4.872858333333333,1.6330653176997496,fixed,7,3,3,NA,94,depletion
CUPE.20181128.06,CUPE,2018-11-28,06,NA,11,2018,2018_11,100,1,4.872858333333333,1.6330653176997496,fixed,6,3,5,NA,95,depletion
CUPE.20181129.08,CUPE,2018-11-29,08,NA,11,2018,2018_11,81,1,4.872858333333333,1.6330653176997496,fixed,8,4,2,NA,96,depletion
CUPE.20190204.03,CUPE,2019-02-04,03,NA,2,2019,2019_2,100,1,4.872858333333333,1.6330653176997496,fixed,18,9,3,NA,97,depletion
CUPE.20190205.06,CUPE,2019-02-05,06,NA,2,2019,2019_2,100,1,4.872858333333333,1.6330653176997496,fixed,26,20,5,NA,98,depletion
CUPE.20190206.08,CUPE,2019-02-06,08,NA,2,2019,2019_2,81,1,4.872858333333333,1.6330653176997496,fixed,5,0,0,N,99,depletion
CUPE.20191202.03,CUPE,2019-12-02,03,NA,12,2019,2019_12,100,1,4.872858333333333,1.6330653176997496,fixed,14,8,4,NA,100,depletion
CUPE.20191203.06,CUPE,2019-12-03,06,NA,12,2019,2019_12,100,1,4.872858333333333,1.6330653176997496,fixed,20,25,19,NA,101,depletion
CUPE.20191204.08,CUPE,2019-12-04,08,NA,12,2019,2019_12,81,1,4.872858333333333,1.6330653176997496,fixed,4,3,3,NA,102,depletion
CUPE.20210222.03,CUPE,2021-02-22,03,NA,2,2021,2021_2,100,1,4.872858333333333,1.6330653176997496,fixed,41,12,8,NA,103,depletion
CUPE.20211213.03,CUPE,2021-12-13,03,NA,12,2021,2021_12,107,1,4.872858333333333,1.6330653176997496,fixed,47,12,2,NA,104,depletion
CUPE.20220221.03,CUPE,2022-02-21,03,POERET,2,2022,2022_2,105,1,4.872858333333333,1.6330653176997496,fixed,2,48,10,NA,105,no depletion
CUPE.20220221.03,CUPE,2022-02-21,03,NA,2,2022,2022_2,105,1,4.872858333333333,1.6330653176997496,fixed,54,2,4,NA,106,depletion
CUPE.20221128.03,CUPE,2022-11-28,03,NA,11,2022,2022_11,104,1,4.872858333333333,1.6330653176997496,fixed,7,7,6,NA,107,depletion
CUPE.20221130.06,CUPE,2022-11-30,06,NA,11,2022,2022_11,99,1,4.872858333333333,1.6330653176997496,fixed,16,11,6,NA,108,depletion
CUPE.20221201.08,CUPE,2022-12-01,08,NA,12,2022,2022_12,85,1,4.872858333333333,1.6330653176997496,fixed,11,5,4,NA,109,depletion
GUIL.20171204.02,GUIL,2017-12-04,02,NA,12,2017,2017_12,88,1,5.718320209973753,1.7697765635148215,fixed,0,0,1,N,110,no depletion
GUIL.20171205.05,GUIL,2017-12-05,05,NA,12,2017,2017_12,120,1,5.718320209973753,1.7697765635148215,fixed,4,5,6,NA,111,no depletion
GUIL.20171207.09,GUIL,2017-12-07,09,NA,12,2017,2017_12,80,1,5.718320209973753,1.7697765635148215,fixed,4,2,11,NA,112,no depletion
GUIL.20180206.02,GUIL,2018-02-06,02,NA,2,2018,2018_2,88,1,5.718320209973753,1.7697765635148215,fixed,6,3,3,NA,113,depletion
GUIL.20180207.05,GUIL,2018-02-07,05,NA,2,2018,2018_2,120,1,5.718320209973753,1.7697765635148215,fixed,17,12,10,NA,114,depletion
GUIL.20180208.09,GUIL,2018-02-08,09,NA,2,2018,2018_2,94,1,5.718320209973753,1.7697765635148215,fixed,83,23,1,NA,115,depletion
GUIL.20181204.02,GUIL,2018-12-04,02,POERET,12,2018,2018_12,88,1,5.718320209973753,1.7697765635148215,fixed,327,276,83,NA,116,depletion
GUIL.20181204.02,GUIL,2018-12-04,02,XIPHEL,12,2018,2018_12,88,1,5.718320209973753,1.7697765635148215,fixed,67,98,26,NA,117,depletion
GUIL.20181205.05,GUIL,2018-12-05,05,POERET,12,2018,2018_12,120,1,5.718320209973753,1.7697765635148215,fixed,268,212,264,NA,118,depletion
GUIL.20181205.05,GUIL,2018-12-05,05,XIPHEL,12,2018,2018_12,120,1,5.718320209973753,1.7697765635148215,fixed,141,131,118,NA,119,depletion
GUIL.20181207.09,GUIL,2018-12-07,09,POERET,12,2018,2018_12,94,1,5.718320209973753,1.7697765635148215,fixed,253,119,45,NA,120,depletion
GUIL.20181207.09,GUIL,2018-12-07,09,XIPHEL,12,2018,2018_12,94,1,5.718320209973753,1.7697765635148215,fixed,83,77,31,NA,121,depletion
GUIL.20190212.05,GUIL,2019-02-12,05,POERET,2,2019,2019_2,120,1,5.718320209973753,1.7697765635148215,fixed,689,460,342,NA,122,depletion
GUIL.20190212.05,GUIL,2019-02-12,05,XIPHEL,2,2019,2019_2,120,1,5.718320209973753,1.7697765635148215,fixed,170,154,94,NA,123,depletion
GUIL.20190214.09,GUIL,2019-02-14,09,POERET,2,2019,2019_2,80,1,5.718320209973753,1.7697765635148215,fixed,251,61,38,NA,124,depletion
GUIL.20190214.09,GUIL,2019-02-14,09,XIPHEL,2,2019,2019_2,80,1,5.718320209973753,1.7697765635148215,fixed,111,36,16,NA,125,depletion
GUIL.20191119.05,GUIL,2019-11-19,05,POERET,11,2019,2019_11,115,1,5.718320209973753,1.7697765635148215,fixed,254,167,79,NA,126,depletion
GUIL.20191119.05,GUIL,2019-11-19,05,XIPHEL,11,2019,2019_11,115,1,5.718320209973753,1.7697765635148215,fixed,377,323,130,NA,127,depletion
GUIL.20191121.09,GUIL,2019-11-21,09,POERET,11,2019,2019_11,80,1,5.718320209973753,1.7697765635148215,fixed,268,141,62,NA,128,depletion
GUIL.20191121.09,GUIL,2019-11-21,09,XIPHEL,11,2019,2019_11,80,1,5.718320209973753,1.7697765635148215,fixed,169,105,57,NA,129,depletion
GUIL.20210223.09,GUIL,2021-02-23,09,POERET,2,2021,2021_2,80,1,5.718320209973753,1.7697765635148215,fixed,266,204,144,NA,130,depletion
GUIL.20210223.09,GUIL,2021-02-23,09,XIPHEL,2,2021,2021_2,80,1,5.718320209973753,1.7697765635148215,fixed,304,212,116,NA,131,depletion
GUIL.20211214.09,GUIL,2021-12-14,09,POERET,12,2021,2021_12,80,1,5.718320209973753,1.7697765635148215,fixed,82,188,134,NA,132,no depletion
GUIL.20211214.09,GUIL,2021-12-14,09,XIPHEL,12,2021,2021_12,80,1,5.718320209973753,1.7697765635148215,fixed,161,182,157,NA,133,depletion
GUIL.20220224.09,GUIL,2022-02-24,09,POERET,2,2022,2022_2,78,1,5.718320209973753,1.7697765635148215,fixed,191,140,61,NA,134,depletion
GUIL.20220224.09,GUIL,2022-02-24,09,XIPHEL,2,2022,2022_2,78,1,5.718320209973753,1.7697765635148215,fixed,182,178,94,NA,135,depletion
GUIL.20221219.02,GUIL,2022-12-19,02,POERET,12,2022,2022_12,85,1,5.718320209973753,1.7697765635148215,fixed,235,55,37,NA,136,depletion
GUIL.20221219.02,GUIL,2022-12-19,02,XIPHEL,12,2022,2022_12,85,1,5.718320209973753,1.7697765635148215,fixed,4,125,25,NA,137,no depletion
GUIL.20221222.09,GUIL,2022-12-22,09,POERET,12,2022,2022_12,80,1,5.718320209973753,1.7697765635148215,fixed,58,45,52,NA,138,depletion
GUIL.20221222.09,GUIL,2022-12-22,09,NA,12,2022,2022_12,80,1,5.718320209973753,1.7697765635148215,fixed,76,17,7,NA,139,depletion
HOPB.20161025.04,HOPB,2016-10-25,04,NA,10,2016,2016_10,80,1,5.269483763530391,1.4919056828805088,fixed,72,36,20,NA,140,depletion
HOPB.20161026.06,HOPB,2016-10-26,06,RHIATR,10,2016,2016_10,80,1,5.269483763530391,1.4919056828805088,fixed,16,40,33,NA,141,no depletion
HOPB.20161026.06,HOPB,2016-10-26,06,NA,10,2016,2016_10,80,1,5.269483763530391,1.4919056828805088,fixed,74,15,8,NA,142,depletion
HOPB.20161027.10,HOPB,2016-10-27,10,RHIATR,10,2016,2016_10,120,1,5.269483763530391,1.4919056828805088,fixed,39,67,46,NA,143,no depletion
HOPB.20161027.10,HOPB,2016-10-27,10,SEMATR,10,2016,2016_10,120,1,5.269483763530391,1.4919056828805088,fixed,9,38,24,NA,144,no depletion
HOPB.20161027.10,HOPB,2016-10-27,10,NA,10,2016,2016_10,120,1,5.269483763530391,1.4919056828805088,fixed,109,4,1,NA,145,depletion
HOPB.20170502.04,HOPB,2017-05-02,04,NA,5,2017,2017_5,80,1,5.269483763530391,1.4919056828805088,fixed,6,4,12,NA,146,no depletion
HOPB.20170503.06,HOPB,2017-05-03,06,NA,5,2017,2017_5,80,1,5.269483763530391,1.4919056828805088,fixed,25,14,8,NA,147,depletion
HOPB.20170503.10,HOPB,2017-05-03,10,RHIATR,5,2017,2017_5,120,1,5.269483763530391,1.4919056828805088,fixed,15,13,15,NA,148,depletion
HOPB.20170503.10,HOPB,2017-05-03,10,NA,5,2017,2017_5,120,1,5.269483763530391,1.4919056828805088,fixed,72,33,1,NA,149,depletion
HOPB.20171024.04,HOPB,2017-10-24,04,NA,10,2017,2017_10,80,1,5.269483763530391,1.4919056828805088,fixed,49,25,21,NA,150,depletion
HOPB.20171103.06,HOPB,2017-11-03,06,NA,11,2017,2017_11,80,1,5.269483763530391,1.4919056828805088,fixed,25,21,14,NA,151,depletion
HOPB.20171108.10,HOPB,2017-11-08,10,RHIATR,11,2017,2017_11,120,1,5.269483763530391,1.4919056828805088,fixed,10,36,21,NA,152,no depletion
HOPB.20171108.10,HOPB,2017-11-08,10,NA,11,2017,2017_11,120,1,5.269483763530391,1.4919056828805088,fixed,86,18,8,NA,153,depletion
HOPB.20180430.04,HOPB,2018-04-30,04,NA,4,2018,2018_4,80,1,5.269483763530391,1.4919056828805088,fixed,17,10,13,NA,154,depletion
HOPB.20180501.06,HOPB,2018-05-01,06,NA,5,2018,2018_5,82,1,5.269483763530391,1.4919056828805088,fixed,18,20,16,NA,155,depletion
HOPB.20180503.10,HOPB,2018-05-03,10,RHIATR,5,2018,2018_5,99,1,5.269483763530391,1.4919056828805088,fixed,8,35,22,NA,156,no depletion
HOPB.20180503.10,HOPB,2018-05-03,10,NA,5,2018,2018_5,99,1,5.269483763530391,1.4919056828805088,fixed,83,18,14,NA,157,depletion
HOPB.20181022.04,HOPB,2018-10-22,04,NA,10,2018,2018_10,80,1,5.269483763530391,1.4919056828805088,fixed,24,19,9,NA,158,depletion
HOPB.20181023.06,HOPB,2018-10-23,06,NA,10,2018,2018_10,82,1,5.269483763530391,1.4919056828805088,fixed,27,18,11,NA,159,depletion
HOPB.20181025.10,HOPB,2018-10-25,10,NA,10,2018,2018_10,99,1,5.269483763530391,1.4919056828805088,fixed,86,57,34,NA,160,depletion
HOPB.20190507.04,HOPB,2019-05-07,04,NA,5,2019,2019_5,83,1,5.269483763530391,1.4919056828805088,fixed,20,7,7,NA,161,depletion
HOPB.20190508.06,HOPB,2019-05-08,06,NA,5,2019,2019_5,82,1,5.269483763530391,1.4919056828805088,fixed,10,7,5,NA,162,depletion
HOPB.20190509.10,HOPB,2019-05-09,10,NA,5,2019,2019_5,95,1,5.269483763530391,1.4919056828805088,fixed,76,38,25,NA,163,depletion
HOPB.20191022.04,HOPB,2019-10-22,04,NA,10,2019,2019_10,82,1,5.269483763530391,1.4919056828805088,fixed,57,39,28,NA,164,depletion
HOPB.20191024.06,HOPB,2019-10-24,06,NA,10,2019,2019_10,86,1,5.269483763530391,1.4919056828805088,fixed,30,19,13,NA,165,depletion
HOPB.20191025.10,HOPB,2019-10-25,10,NA,10,2019,2019_10,93,1,5.269483763530391,1.4919056828805088,fixed,93,84,73,NA,166,depletion
HOPB.20201026.04,HOPB,2020-10-26,04,NA,10,2020,2020_10,91,1,5.269483763530391,1.4919056828805088,fixed,56,18,15,NA,167,depletion
HOPB.20201027.06,HOPB,2020-10-27,06,NA,10,2020,2020_10,93,1,5.269483763530391,1.4919056828805088,fixed,76,28,22,NA,168,depletion
HOPB.20201029.10,HOPB,2020-10-29,10,NA,10,2020,2020_10,93,1,5.269483763530391,1.4919056828805088,fixed,102,80,46,NA,169,depletion
HOPB.20210504.04,HOPB,2021-05-04,04,NA,5,2021,2021_5,96,1,5.269483763530391,1.4919056828805088,fixed,10,13,11,NA,170,no depletion
HOPB.20211029.04,HOPB,2021-10-29,04,NA,10,2021,2021_10,87,1,5.269483763530391,1.4919056828805088,fixed,31,20,13,NA,171,depletion
HOPB.20220505.04,HOPB,2022-05-05,04,NA,5,2022,2022_5,81,1,5.269483763530391,1.4919056828805088,fixed,4,0,3,N,172,depletion
HOPB.20220506.06,HOPB,2022-05-06,06,NA,5,2022,2022_5,77,1,5.269483763530391,1.4919056828805088,fixed,34,14,5,NA,173,depletion
HOPB.20221025.04,HOPB,2022-10-25,04,NA,10,2022,2022_10,90,1,5.269483763530391,1.4919056828805088,fixed,69,36,31,NA,174,depletion
HOPB.20221026.06,HOPB,2022-10-26,06,NA,10,2022,2022_10,74,1,5.269483763530391,1.4919056828805088,fixed,56,32,27,NA,175,depletion
KING.20170411.01,KING,2017-04-11,01,NA,4,2017,2017_4,98,1,4.647719298245614,1.8768205151798236,fixed,30,45,11,NA,176,depletion
KING.20170412.03,KING,2017-04-12,03,NA,4,2017,2017_4,80,1,4.647719298245614,1.8768205151798236,fixed,42,18,23,NA,177,depletion
KING.20170413.04,KING,2017-04-13,04,NA,4,2017,2017_4,100,1,4.647719298245614,1.8768205151798236,fixed,26,37,29,NA,178,no depletion
KING.20171017.01,KING,2017-10-17,01,ETHNIG1,10,2017,2017_10,98,1,4.647719298245614,1.8768205151798236,fixed,55,85,212,NA,179,no depletion
KING.20171017.01,KING,2017-10-17,01,SEMATR,10,2017,2017_10,98,1,4.647719298245614,1.8768205151798236,fixed,1135,479,1411,NA,180,no depletion
KING.20171017.01,KING,2017-10-17,01,NA,10,2017,2017_10,98,1,4.647719298245614,1.8768205151798236,fixed,169,20,44,NA,181,depletion
KING.20171019.03,KING,2017-10-19,03,CAMANO,10,2017,2017_10,80,1,4.647719298245614,1.8768205151798236,fixed,13,41,17,NA,182,no depletion
KING.20171019.03,KING,2017-10-19,03,SEMATR,10,2017,2017_10,80,1,4.647719298245614,1.8768205151798236,fixed,298,162,202,NA,183,depletion
KING.20171019.03,KING,2017-10-19,03,NA,10,2017,2017_10,80,1,4.647719298245614,1.8768205151798236,fixed,142,33,8,NA,184,depletion
KING.20171020.04,KING,2017-10-20,04,ETHNIG1,10,2017,2017_10,100,1,4.647719298245614,1.8768205151798236,fixed,3,45,70,NA,185,no depletion
KING.20171020.04,KING,2017-10-20,04,SEMATR,10,2017,2017_10,100,1,4.647719298245614,1.8768205151798236,fixed,133,130,133,NA,186,depletion
KING.20171020.04,KING,2017-10-20,04,NA,10,2017,2017_10,100,1,4.647719298245614,1.8768205151798236,fixed,177,56,44,NA,187,depletion
KING.20180411.01,KING,2018-04-11,01,CHRERY,4,2018,2018_4,114,1,4.647719298245614,1.8768205151798236,fixed,103,291,472,NA,188,no depletion
KING.20180411.01,KING,2018-04-11,01,NA,4,2018,2018_4,114,1,4.647719298245614,1.8768205151798236,fixed,144,64,11,NA,189,depletion
KING.20180412.03,KING,2018-04-12,03,CHRERY,4,2018,2018_4,127,1,4.647719298245614,1.8768205151798236,fixed,76,64,48,NA,190,depletion
KING.20180412.03,KING,2018-04-12,03,NA,4,2018,2018_4,127,1,4.647719298245614,1.8768205151798236,fixed,116,54,17,NA,191,depletion
KING.20181031.03,KING,2018-10-31,03,NA,10,2018,2018_10,70,1,4.647719298245614,1.8768205151798236,fixed,4,3,0,N,192,depletion
KING.20181101.01,KING,2018-11-01,01,CAMANO,11,2018,2018_11,115,1,4.647719298245614,1.8768205151798236,fixed,19,64,69,NA,193,no depletion
KING.20181101.01,KING,2018-11-01,01,CHRERY,11,2018,2018_11,115,1,4.647719298245614,1.8768205151798236,fixed,3,38,34,NA,194,no depletion
KING.20181101.01,KING,2018-11-01,01,NA,11,2018,2018_11,115,1,4.647719298245614,1.8768205151798236,fixed,158,50,12,NA,195,depletion
KING.20190408.01,KING,2019-04-08,01,NA,4,2019,2019_4,121,1,4.647719298245614,1.8768205151798236,fixed,23,27,35,NA,196,no depletion
KING.20190409.03,KING,2019-04-09,03,NA,4,2019,2019_4,89,1,4.647719298245614,1.8768205151798236,fixed,31,29,28,NA,197,depletion
KING.20190410.04,KING,2019-04-10,04,NA,4,2019,2019_4,101,1,4.647719298245614,1.8768205151798236,fixed,68,62,36,NA,198,depletion
KING.20191021.01,KING,2019-10-21,01,CHRERY,10,2019,2019_10,120,1,4.647719298245614,1.8768205151798236,fixed,101,159,99,NA,199,depletion
KING.20191021.01,KING,2019-10-21,01,NA,10,2019,2019_10,120,1,4.647719298245614,1.8768205151798236,fixed,92,36,15,NA,200,depletion
KING.20191022.03,KING,2019-10-22,03,NA,10,2019,2019_10,100,1,4.647719298245614,1.8768205151798236,fixed,28,14,12,NA,201,depletion
KING.20191023.04,KING,2019-10-23,04,NA,10,2019,2019_10,87,1,4.647719298245614,1.8768205151798236,fixed,31,12,11,NA,202,depletion
KING.20200618.01,KING,2020-06-18,01,ETHSPE,6,2020,2020_6,120,1,4.647719298245614,1.8768205151798236,fixed,62,88,52,NA,203,depletion
KING.20200618.01,KING,2020-06-18,01,NA,6,2020,2020_6,120,1,4.647719298245614,1.8768205151798236,fixed,127,32,13,NA,204,depletion
KING.20201019.01,KING,2020-10-19,01,CHRERY,10,2020,2020_10,117,1,4.647719298245614,1.8768205151798236,fixed,704,755,490,NA,205,depletion
KING.20201019.01,KING,2020-10-19,01,ETHSPE,10,2020,2020_10,117,1,4.647719298245614,1.8768205151798236,fixed,57,67,112,NA,206,no depletion
KING.20201019.01,KING,2020-10-19,01,NA,10,2020,2020_10,117,1,4.647719298245614,1.8768205151798236,fixed,215,19,33,NA,207,depletion
KING.20201020.03,KING,2020-10-20,03,CHRERY,10,2020,2020_10,65,1,4.647719298245614,1.8768205151798236,fixed,264,243,128,NA,208,depletion
KING.20201020.03,KING,2020-10-20,03,ETHSPE,10,2020,2020_10,65,1,4.647719298245614,1.8768205151798236,fixed,44,214,73,NA,209,no depletion
KING.20201020.03,KING,2020-10-20,03,SEMATR,10,2020,2020_10,65,1,4.647719298245614,1.8768205151798236,fixed,9,60,19,NA,210,no depletion
KING.20201020.03,KING,2020-10-20,03,NA,10,2020,2020_10,65,1,4.647719298245614,1.8768205151798236,fixed,212,21,11,NA,211,depletion
KING.20201021.04,KING,2020-10-21,04,CAMANO,10,2020,2020_10,60,1,4.647719298245614,1.8768205151798236,fixed,5,47,70,NA,212,no depletion
KING.20201021.04,KING,2020-10-21,04,CHRERY,10,2020,2020_10,60,1,4.647719298245614,1.8768205151798236,fixed,105,198,299,NA,213,no depletion
KING.20201021.04,KING,2020-10-21,04,NA,10,2020,2020_10,60,1,4.647719298245614,1.8768205151798236,fixed,171,51,56,NA,214,depletion
KING.20210429.01,KING,2021-04-29,01,CAMANO,4,2021,2021_4,130,1,4.647719298245614,1.8768205151798236,fixed,7,33,27,NA,215,no depletion
KING.20210429.01,KING,2021-04-29,01,ETHSPE,4,2021,2021_4,130,1,4.647719298245614,1.8768205151798236,fixed,66,155,133,NA,216,no depletion
KING.20210429.01,KING,2021-04-29,01,NA,4,2021,2021_4,130,1,4.647719298245614,1.8768205151798236,fixed,170,8,5,NA,217,depletion
KING.20211020.03,KING,2021-10-20,03,CHRERY,10,2021,2021_10,94,1,4.647719298245614,1.8768205151798236,fixed,257,154,134,NA,218,depletion
KING.20211020.03,KING,2021-10-20,03,NA,10,2021,2021_10,94,1,4.647719298245614,1.8768205151798236,fixed,157,57,14,NA,219,depletion
KING.20211021.04,KING,2021-10-21,04,CHRERY,10,2021,2021_10,78,1,4.647719298245614,1.8768205151798236,fixed,188,125,82,NA,220,depletion
KING.20211021.04,KING,2021-10-21,04,ETHSPE,10,2021,2021_10,78,1,4.647719298245614,1.8768205151798236,fixed,1,65,47,NA,221,no depletion
KING.20211021.04,KING,2021-10-21,04,NA,10,2021,2021_10,78,1,4.647719298245614,1.8768205151798236,fixed,172,40,15,NA,222,depletion
KING.20220516.01,KING,2022-05-16,01,CAMANO,5,2022,2022_5,120,1,4.647719298245614,1.8768205151798236,fixed,125,99,110,NA,223,depletion
KING.20220516.01,KING,2022-05-16,01,CHRERY,5,2022,2022_5,120,1,4.647719298245614,1.8768205151798236,fixed,107,119,125,NA,224,no depletion
KING.20220516.01,KING,2022-05-16,01,ETHSPE,5,2022,2022_5,120,1,4.647719298245614,1.8768205151798236,fixed,144,111,125,NA,225,depletion
KING.20220516.01,KING,2022-05-16,01,NA,5,2022,2022_5,120,1,4.647719298245614,1.8768205151798236,fixed,187,24,17,NA,226,depletion
LECO.20161017.01,LECO,2016-10-17,01,NA,10,2016,2016_10,114,1,6.545222222222222,2.106045462353174,fixed,95,44,20,NA,227,depletion
LECO.20161018.04,LECO,2016-10-18,04,NA,10,2016,2016_10,105,1,6.545222222222222,2.106045462353174,fixed,46,21,11,NA,228,depletion
LECO.20161019.10,LECO,2016-10-19,10,NA,10,2016,2016_10,95,1,6.545222222222222,2.106045462353174,fixed,73,37,14,NA,229,depletion
LECO.20171101.01,LECO,2017-11-01,01,NA,11,2017,2017_11,80,1,6.545222222222222,2.106045462353174,fixed,50,21,7,NA,230,depletion
LECO.20171102.04,LECO,2017-11-02,04,NA,11,2017,2017_11,105,1,6.545222222222222,2.106045462353174,fixed,38,11,7,NA,231,depletion
LECO.20171128.10,LECO,2017-11-28,10,NA,11,2017,2017_11,95,1,6.545222222222222,2.106045462353174,fixed,61,22,8,NA,232,depletion
LECO.20180605.01,LECO,2018-06-05,01,NA,6,2018,2018_6,70,1,6.545222222222222,2.106045462353174,fixed,72,27,7,NA,233,depletion
LECO.20180606.04,LECO,2018-06-06,04,NA,6,2018,2018_6,92,1,6.545222222222222,2.106045462353174,fixed,68,33,16,NA,234,depletion
LECO.20180607.10,LECO,2018-06-07,10,NA,6,2018,2018_6,92,1,6.545222222222222,2.106045462353174,fixed,47,40,25,NA,235,depletion
LECO.20181023.01,LECO,2018-10-23,01,NA,10,2018,2018_10,70,1,6.545222222222222,2.106045462353174,fixed,87,36,21,NA,236,depletion
LECO.20181024.04,LECO,2018-10-24,04,NA,10,2018,2018_10,92,1,6.545222222222222,2.106045462353174,fixed,70,31,8,NA,237,depletion
LECO.20181025.10,LECO,2018-10-25,10,NA,10,2018,2018_10,87,1,6.545222222222222,2.106045462353174,fixed,46,18,9,NA,238,depletion
LECO.20190410.01,LECO,2019-04-10,01,NA,4,2019,2019_4,83,1,6.545222222222222,2.106045462353174,fixed,46,15,2,NA,239,depletion
LECO.20190411.04,LECO,2019-04-11,04,NA,4,2019,2019_4,90,1,6.545222222222222,2.106045462353174,fixed,27,20,10,NA,240,depletion
LECO.20190417.10,LECO,2019-04-17,10,NA,4,2019,2019_4,95,1,6.545222222222222,2.106045462353174,fixed,31,14,5,NA,241,depletion
LECO.20191021.01,LECO,2019-10-21,01,NA,10,2019,2019_10,87,1,6.545222222222222,2.106045462353174,fixed,96,57,27,NA,242,depletion
LECO.20191022.04,LECO,2019-10-22,04,NA,10,2019,2019_10,97,1,6.545222222222222,2.106045462353174,fixed,57,41,19,NA,243,depletion
LECO.20191023.10,LECO,2019-10-23,10,NA,10,2019,2019_10,99,1,6.545222222222222,2.106045462353174,fixed,89,47,11,NA,244,depletion
LECO.20210524.01,LECO,2021-05-24,01,NA,5,2021,2021_5,88,1,6.545222222222222,2.106045462353174,fixed,54,23,13,NA,245,depletion
LECO.20210525.04,LECO,2021-05-25,04,NA,5,2021,2021_5,90,1,6.545222222222222,2.106045462353174,fixed,33,18,13,NA,246,depletion
LECO.20210526.10,LECO,2021-05-26,10,NA,5,2021,2021_5,107,1,6.545222222222222,2.106045462353174,fixed,75,25,12,NA,247,depletion
LECO.20211101.01,LECO,2021-11-01,01,NA,11,2021,2021_11,88,1,6.545222222222222,2.106045462353174,fixed,73,41,11,NA,248,depletion
LECO.20211102.04,LECO,2021-11-02,04,NA,11,2021,2021_11,86,1,6.545222222222222,2.106045462353174,fixed,69,41,8,NA,249,depletion
LECO.20211103.10,LECO,2021-11-03,10,NA,11,2021,2021_11,114,1,6.545222222222222,2.106045462353174,fixed,67,34,17,NA,250,depletion
LECO.20220406.01,LECO,2022-04-06,01,NA,4,2022,2022_4,88,1,6.545222222222222,2.106045462353174,fixed,42,24,3,NA,251,depletion
LECO.20221031.01,LECO,2022-10-31,01,RHIATR,10,2022,2022_10,90,1,6.545222222222222,2.106045462353174,fixed,13,17,2,NA,252,depletion
LECO.20221031.01,LECO,2022-10-31,01,NA,10,2022,2022_10,90,1,6.545222222222222,2.106045462353174,fixed,91,20,6,NA,253,depletion
LECO.20221101.04,LECO,2022-11-01,04,NA,11,2022,2022_11,98,1,6.545222222222222,2.106045462353174,fixed,51,26,8,NA,254,depletion
LECO.20221102.10,LECO,2022-11-02,10,NA,11,2022,2022_11,120,1,6.545222222222222,2.106045462353174,fixed,95,15,9,NA,255,depletion
LEWI.20170410.01,LEWI,2017-04-10,01,COTGIR,4,2017,2017_4,100,1,3.2792814814814815,0.7663896872565308,fixed,127,181,114,NA,256,depletion
LEWI.20170410.01,LEWI,2017-04-10,01,NA,4,2017,2017_4,100,1,3.2792814814814815,0.7663896872565308,fixed,194,13,5,NA,257,depletion
LEWI.20170411.04,LEWI,2017-04-11,04,COTGIR,4,2017,2017_4,95,1,3.2792814814814815,0.7663896872565308,fixed,54,28,81,NA,258,no depletion
LEWI.20170411.04,LEWI,2017-04-11,04,NA,4,2017,2017_4,95,1,3.2792814814814815,0.7663896872565308,fixed,127,43,14,NA,259,depletion
LEWI.20170413.09,LEWI,2017-04-13,09,COTGIR,4,2017,2017_4,100,1,3.2792814814814815,0.7663896872565308,fixed,21,57,14,NA,260,depletion
LEWI.20170413.09,LEWI,2017-04-13,09,NA,4,2017,2017_4,100,1,3.2792814814814815,0.7663896872565308,fixed,90,24,4,NA,261,depletion
LEWI.20171113.01,LEWI,2017-11-13,01,COTGIR,11,2017,2017_11,99,1,3.2792814814814815,0.7663896872565308,fixed,42,88,40,NA,262,depletion
LEWI.20171113.01,LEWI,2017-11-13,01,NA,11,2017,2017_11,99,1,3.2792814814814815,0.7663896872565308,fixed,118,48,15,NA,263,depletion
LEWI.20171114.04,LEWI,2017-11-14,04,COTGIR,11,2017,2017_11,104,1,3.2792814814814815,0.7663896872565308,fixed,30,65,33,NA,264,no depletion
LEWI.20171114.04,LEWI,2017-11-14,04,NA,11,2017,2017_11,104,1,3.2792814814814815,0.7663896872565308,fixed,86,26,11,NA,265,depletion
LEWI.20171116.09,LEWI,2017-11-16,09,NA,11,2017,2017_11,101,1,3.2792814814814815,0.7663896872565308,fixed,92,26,5,NA,266,depletion
LEWI.20180409.01,LEWI,2018-04-09,01,COTGIR,4,2018,2018_4,100,1,3.2792814814814815,0.7663896872565308,fixed,33,73,39,NA,267,no depletion
LEWI.20180409.01,LEWI,2018-04-09,01,NA,4,2018,2018_4,100,1,3.2792814814814815,0.7663896872565308,fixed,94,25,16,NA,268,depletion
LEWI.20180410.04,LEWI,2018-04-10,04,COTGIR,4,2018,2018_4,96,1,3.2792814814814815,0.7663896872565308,fixed,5,26,22,NA,269,no depletion
LEWI.20180410.04,LEWI,2018-04-10,04,NA,4,2018,2018_4,96,1,3.2792814814814815,0.7663896872565308,fixed,75,19,18,NA,270,depletion
LEWI.20180411.09,LEWI,2018-04-11,09,NA,4,2018,2018_4,99,1,3.2792814814814815,0.7663896872565308,fixed,49,26,15,NA,271,depletion
LEWI.20181029.01,LEWI,2018-10-29,01,COTGIR,10,2018,2018_10,99,1,3.2792814814814815,0.7663896872565308,fixed,16,37,35,NA,272,no depletion
LEWI.20181029.01,LEWI,2018-10-29,01,NA,10,2018,2018_10,99,1,3.2792814814814815,0.7663896872565308,fixed,86,20,14,NA,273,depletion
LEWI.20181030.04,LEWI,2018-10-30,04,COTGIR,10,2018,2018_10,95,1,3.2792814814814815,0.7663896872565308,fixed,9,42,27,NA,274,no depletion
LEWI.20181030.04,LEWI,2018-10-30,04,NA,10,2018,2018_10,95,1,3.2792814814814815,0.7663896872565308,fixed,75,19,17,NA,275,depletion
LEWI.20181031.09,LEWI,2018-10-31,09,NA,10,2018,2018_10,96,1,3.2792814814814815,0.7663896872565308,fixed,60,40,2,NA,276,depletion
LEWI.20190416.01,LEWI,2019-04-16,01,NA,4,2019,2019_4,99,1,3.2792814814814815,0.7663896872565308,fixed,59,50,43,NA,277,depletion
LEWI.20190417.04,LEWI,2019-04-17,04,NA,4,2019,2019_4,101,1,3.2792814814814815,0.7663896872565308,fixed,63,23,9,NA,278,depletion
LEWI.20190418.09,LEWI,2019-04-18,09,NA,4,2019,2019_4,97,1,3.2792814814814815,0.7663896872565308,fixed,48,32,14,NA,279,depletion
LEWI.20191029.01,LEWI,2019-10-29,01,COTGIR,10,2019,2019_10,99,1,3.2792814814814815,0.7663896872565308,fixed,31,76,46,NA,280,no depletion
LEWI.20191029.01,LEWI,2019-10-29,01,NA,10,2019,2019_10,99,1,3.2792814814814815,0.7663896872565308,fixed,95,28,22,NA,281,depletion
LEWI.20191030.04,LEWI,2019-10-30,04,COTGIR,10,2019,2019_10,96,1,3.2792814814814815,0.7663896872565308,fixed,61,62,32,NA,282,depletion
LEWI.20191030.04,LEWI,2019-10-30,04,NA,10,2019,2019_10,96,1,3.2792814814814815,0.7663896872565308,fixed,92,15,14,NA,283,depletion
LEWI.20191101.09,LEWI,2019-11-01,09,COTGIR,11,2019,2019_11,97,1,3.2792814814814815,0.7663896872565308,fixed,47,48,26,NA,284,depletion
LEWI.20191101.09,LEWI,2019-11-01,09,NA,11,2019,2019_11,97,1,3.2792814814814815,0.7663896872565308,fixed,69,8,1,NA,285,depletion
LEWI.20201026.01,LEWI,2020-10-26,01,COTGIR,10,2020,2020_10,98,1,3.2792814814814815,0.7663896872565308,fixed,54,100,49,NA,286,depletion
LEWI.20201026.01,LEWI,2020-10-26,01,NA,10,2020,2020_10,98,1,3.2792814814814815,0.7663896872565308,fixed,73,16,5,NA,287,depletion
LEWI.20201027.04,LEWI,2020-10-27,04,COTGIR,10,2020,2020_10,98,1,3.2792814814814815,0.7663896872565308,fixed,32,71,61,NA,288,no depletion
LEWI.20201027.04,LEWI,2020-10-27,04,NA,10,2020,2020_10,98,1,3.2792814814814815,0.7663896872565308,fixed,61,10,3,NA,289,depletion
LEWI.20201028.09,LEWI,2020-10-28,09,NA,10,2020,2020_10,98,1,3.2792814814814815,0.7663896872565308,fixed,63,40,1,NA,290,depletion
LEWI.20210412.01,LEWI,2021-04-12,01,COTGIR,4,2021,2021_4,99,1,3.2792814814814815,0.7663896872565308,fixed,94,110,67,NA,291,depletion
LEWI.20210412.01,LEWI,2021-04-12,01,NA,4,2021,2021_4,99,1,3.2792814814814815,0.7663896872565308,fixed,60,13,11,NA,292,depletion
LEWI.20210413.04,LEWI,2021-04-13,04,COTGIR,4,2021,2021_4,99,1,3.2792814814814815,0.7663896872565308,fixed,40,89,63,NA,293,no depletion
LEWI.20210413.04,LEWI,2021-04-13,04,NA,4,2021,2021_4,99,1,3.2792814814814815,0.7663896872565308,fixed,70,13,8,NA,294,depletion
LEWI.20211108.01,LEWI,2021-11-08,01,COTGIR,11,2021,2021_11,98,1,3.2792814814814815,0.7663896872565308,fixed,77,72,61,NA,295,depletion
LEWI.20211108.01,LEWI,2021-11-08,01,NA,11,2021,2021_11,98,1,3.2792814814814815,0.7663896872565308,fixed,74,18,12,NA,296,depletion
LEWI.20211109.04,LEWI,2021-11-09,04,COTGIR,11,2021,2021_11,98,1,3.2792814814814815,0.7663896872565308,fixed,72,64,52,NA,297,depletion
LEWI.20211109.04,LEWI,2021-11-09,04,NA,11,2021,2021_11,98,1,3.2792814814814815,0.7663896872565308,fixed,62,4,11,NA,298,depletion
LEWI.20211110.09,LEWI,2021-11-10,09,COTGIR,11,2021,2021_11,101,1,3.2792814814814815,0.7663896872565308,fixed,34,36,24,NA,299,depletion
LEWI.20211110.09,LEWI,2021-11-10,09,NA,11,2021,2021_11,101,1,3.2792814814814815,0.7663896872565308,fixed,87,18,2,NA,300,depletion
LEWI.20220411.01,LEWI,2022-04-11,01,NA,4,2022,2022_4,99,1,3.2792814814814815,0.7663896872565308,fixed,57,7,5,NA,301,depletion
LEWI.20220412.04,LEWI,2022-04-12,04,NA,4,2022,2022_4,99,1,3.2792814814814815,0.7663896872565308,fixed,63,14,5,NA,302,depletion
LEWI.20220413.09,LEWI,2022-04-13,09,NA,4,2022,2022_4,102,1,3.2792814814814815,0.7663896872565308,fixed,57,15,4,NA,303,depletion
LEWI.20221107.01,LEWI,2022-11-07,01,NA,11,2022,2022_11,110,1,3.2792814814814815,0.7663896872565308,fixed,36,48,11,NA,304,depletion
LEWI.20221108.04,LEWI,2022-11-08,04,NA,11,2022,2022_11,95,1,3.2792814814814815,0.7663896872565308,fixed,57,10,10,NA,305,depletion
LEWI.20221109.09,LEWI,2022-11-09,09,COTGIR,11,2022,2022_11,99,1,3.2792814814814815,0.7663896872565308,fixed,19,14,17,NA,306,depletion
LEWI.20221109.09,LEWI,2022-11-09,09,NA,11,2022,2022_11,99,1,3.2792814814814815,0.7663896872565308,fixed,67,8,15,NA,307,depletion
MART.20181015.01,MART,2018-10-15,01,NA,10,2018,2018_10,111,1,4.875131313131313,1.6199864349658923,fixed,51,37,18,NA,308,depletion
MART.20181016.03,MART,2018-10-16,03,NA,10,2018,2018_10,102,1,4.875131313131313,1.6199864349658923,fixed,52,27,25,NA,309,depletion
MART.20181017.07,MART,2018-10-17,07,NA,10,2018,2018_10,97,1,4.875131313131313,1.6199864349658923,fixed,51,27,4,NA,310,depletion
MART.20191014.01,MART,2019-10-14,01,NA,10,2019,2019_10,111,1,4.875131313131313,1.6199864349658923,fixed,27,14,5,NA,311,depletion
MART.20191016.03,MART,2019-10-16,03,NA,10,2019,2019_10,91,1,4.875131313131313,1.6199864349658923,fixed,32,12,13,NA,312,depletion
MART.20191017.07,MART,2019-10-17,07,NA,10,2019,2019_10,96,1,4.875131313131313,1.6199864349658923,fixed,34,15,12,NA,313,depletion
MART.20200927.01,MART,2020-09-27,01,NA,9,2020,2020_9,110,1,4.875131313131313,1.6199864349658923,fixed,14,10,5,NA,314,depletion
MART.20200928.03,MART,2020-09-28,03,NA,9,2020,2020_9,92,1,4.875131313131313,1.6199864349658923,fixed,12,20,9,NA,315,depletion
MART.20201001.07,MART,2020-10-01,07,NA,10,2020,2020_10,99,1,4.875131313131313,1.6199864349658923,fixed,21,9,2,NA,316,depletion
MART.20221010.01,MART,2022-10-10,01,NA,10,2022,2022_10,119,1,4.875131313131313,1.6199864349658923,fixed,25,20,9,NA,317,depletion
MART.20221011.03,MART,2022-10-11,03,NA,10,2022,2022_10,92,1,4.875131313131313,1.6199864349658923,fixed,22,13,4,NA,318,depletion
MART.20221012.07,MART,2022-10-12,07,NA,10,2022,2022_10,91,1,4.875131313131313,1.6199864349658923,fixed,29,18,4,NA,319,depletion
MAYF.20160408.09,MAYF,2016-04-08,09,NA,4,2016,2016_4,92,1,4.567951219512195,1.1485118390000018,fixed,19,12,6,NA,320,depletion
MAYF.20161031.02,MAYF,2016-10-31,02,NOTBAI,10,2016,2016_10,97,1,4.567951219512195,1.1485118390000018,fixed,36,42,28,NA,321,depletion
MAYF.20161031.02,MAYF,2016-10-31,02,NA,10,2016,2016_10,97,1,4.567951219512195,1.1485118390000018,fixed,125,40,20,NA,322,depletion
MAYF.20161102.07,MAYF,2016-11-02,07,NOTBAI,11,2016,2016_11,103,1,4.567951219512195,1.1485118390000018,fixed,37,34,18,NA,323,depletion
MAYF.20161102.07,MAYF,2016-11-02,07,NA,11,2016,2016_11,103,1,4.567951219512195,1.1485118390000018,fixed,80,18,15,NA,324,depletion
MAYF.20161103.09,MAYF,2016-11-03,09,NA,11,2016,2016_11,92,1,4.567951219512195,1.1485118390000018,fixed,54,31,8,NA,325,depletion
MAYF.20170328.02,MAYF,2017-03-28,02,NA,3,2017,2017_3,97,1,4.567951219512195,1.1485118390000018,fixed,23,31,14,NA,326,depletion
MAYF.20170329.07,MAYF,2017-03-29,07,NA,3,2017,2017_3,103,1,4.567951219512195,1.1485118390000018,fixed,18,11,16,NA,327,depletion
MAYF.20170330.09,MAYF,2017-03-30,09,NA,3,2017,2017_3,92,1,4.567951219512195,1.1485118390000018,fixed,26,11,6,NA,328,depletion
MAYF.20180402.02,MAYF,2018-04-02,02,NA,4,2018,2018_4,83,1,4.567951219512195,1.1485118390000018,fixed,72,17,27,NA,329,depletion
MAYF.20180404.07,MAYF,2018-04-04,07,NA,4,2018,2018_4,91,1,4.567951219512195,1.1485118390000018,fixed,45,17,18,NA,330,depletion
MAYF.20180405.09,MAYF,2018-04-05,09,NA,4,2018,2018_4,86,1,4.567951219512195,1.1485118390000018,fixed,38,21,12,NA,331,depletion
MAYF.20181126.02,MAYF,2018-11-26,02,NA,11,2018,2018_11,79,1,4.567951219512195,1.1485118390000018,fixed,96,29,23,NA,332,depletion
MAYF.20181128.07,MAYF,2018-11-28,07,NOTBAI,11,2018,2018_11,84,1,4.567951219512195,1.1485118390000018,fixed,26,19,10,NA,333,depletion
MAYF.20181128.07,MAYF,2018-11-28,07,NA,11,2018,2018_11,84,1,4.567951219512195,1.1485118390000018,fixed,65,5,12,NA,334,depletion
MAYF.20181129.09,MAYF,2018-11-29,09,NA,11,2018,2018_11,87,1,4.567951219512195,1.1485118390000018,fixed,80,23,14,NA,335,depletion
MAYF.20190327.02,MAYF,2019-03-27,02,NA,3,2019,2019_3,81,1,4.567951219512195,1.1485118390000018,fixed,18,26,10,NA,336,depletion
MAYF.20190328.07,MAYF,2019-03-28,07,NA,3,2019,2019_3,94,1,4.567951219512195,1.1485118390000018,fixed,44,31,19,NA,337,depletion
MAYF.20190329.09,MAYF,2019-03-29,09,NA,3,2019,2019_3,84,1,4.567951219512195,1.1485118390000018,fixed,13,6,8,NA,338,depletion
MAYF.20191119.02,MAYF,2019-11-19,02,CYPSPP3,11,2019,2019_11,81,1,4.567951219512195,1.1485118390000018,fixed,34,22,10,NA,339,depletion
MAYF.20191119.02,MAYF,2019-11-19,02,NA,11,2019,2019_11,81,1,4.567951219512195,1.1485118390000018,fixed,78,87,53,NA,340,depletion
MAYF.20191120.07,MAYF,2019-11-20,07,CYPSPP3,11,2019,2019_11,97,1,4.567951219512195,1.1485118390000018,fixed,24,5,7,NA,341,depletion
MAYF.20191120.07,MAYF,2019-11-20,07,NA,11,2019,2019_11,97,1,4.567951219512195,1.1485118390000018,fixed,42,29,27,NA,342,depletion
MAYF.20191121.09,MAYF,2019-11-21,09,NA,11,2019,2019_11,81,1,4.567951219512195,1.1485118390000018,fixed,37,35,18,NA,343,depletion
MAYF.20201203.02,MAYF,2020-12-03,02,NA,12,2020,2020_12,74,1,4.567951219512195,1.1485118390000018,fixed,40,23,21,NA,344,depletion
MAYF.20210420.02,MAYF,2021-04-20,02,NA,4,2021,2021_4,86,1,4.567951219512195,1.1485118390000018,fixed,27,16,16,NA,345,depletion
MAYF.20210421.07,MAYF,2021-04-21,07,NA,4,2021,2021_4,90,1,4.567951219512195,1.1485118390000018,fixed,26,21,6,NA,346,depletion
MAYF.20210423.09,MAYF,2021-04-23,09,NA,4,2021,2021_4,77,1,4.567951219512195,1.1485118390000018,fixed,13,5,7,NA,347,depletion
MAYF.20211025.02,MAYF,2021-10-25,02,NA,10,2021,2021_10,86,1,4.567951219512195,1.1485118390000018,fixed,54,22,24,NA,348,depletion
MAYF.20211026.07,MAYF,2021-10-26,07,NA,10,2021,2021_10,106,1,4.567951219512195,1.1485118390000018,fixed,54,36,10,NA,349,depletion
MAYF.20211027.09,MAYF,2021-10-27,09,NA,10,2021,2021_10,82,1,4.567951219512195,1.1485118390000018,fixed,25,21,15,NA,350,depletion
MAYF.20220412.02,MAYF,2022-04-12,02,NA,4,2022,2022_4,89,1,4.567951219512195,1.1485118390000018,fixed,25,14,17,NA,351,depletion
MAYF.20221114.02,MAYF,2022-11-14,02,NA,11,2022,2022_11,82,1,4.567951219512195,1.1485118390000018,fixed,76,60,31,NA,352,depletion
MAYF.20221117.07,MAYF,2022-11-17,07,NA,11,2022,2022_11,95,1,4.567951219512195,1.1485118390000018,fixed,108,64,48,NA,353,depletion
MAYF.20221118.09,MAYF,2022-11-18,09,NA,11,2022,2022_11,81,1,4.567951219512195,1.1485118390000018,fixed,55,27,23,NA,354,depletion
MCDI.20170419.02,MCDI,2017-04-19,02,ETHSPE,4,2017,2017_4,80,1,4.923924731182796,2.042742930740054,fixed,3,29,19,NA,355,no depletion
MCDI.20170419.02,MCDI,2017-04-19,02,NA,4,2017,2017_4,80,1,4.923924731182796,2.042742930740054,fixed,82,9,4,NA,356,depletion
MCDI.20170420.04,MCDI,2017-04-20,04,NA,4,2017,2017_4,80,1,4.923924731182796,2.042742930740054,fixed,84,16,13,NA,357,depletion
MCDI.20171024.02,MCDI,2017-10-24,02,CAMANO,10,2017,2017_10,90,1,4.923924731182796,2.042742930740054,fixed,10,50,50,NA,358,no depletion
MCDI.20171024.02,MCDI,2017-10-24,02,NA,10,2017,2017_10,90,1,4.923924731182796,2.042742930740054,fixed,149,59,36,NA,359,depletion
MCDI.20171026.04,MCDI,2017-10-26,04,CAMANO,10,2017,2017_10,80,1,4.923924731182796,2.042742930740054,fixed,101,90,82,NA,360,depletion
MCDI.20171026.04,MCDI,2017-10-26,04,NA,10,2017,2017_10,80,1,4.923924731182796,2.042742930740054,fixed,141,51,32,NA,361,depletion
MCDI.20180418.02,MCDI,2018-04-18,02,CAMANO,4,2018,2018_4,74,1,4.923924731182796,2.042742930740054,fixed,2,52,35,NA,362,no depletion
MCDI.20180418.02,MCDI,2018-04-18,02,NA,4,2018,2018_4,74,1,4.923924731182796,2.042742930740054,fixed,90,39,41,NA,363,depletion
MCDI.20180419.04,MCDI,2018-04-19,04,CAMANO,4,2018,2018_4,82,1,4.923924731182796,2.042742930740054,fixed,13,36,47,NA,364,no depletion
MCDI.20180419.04,MCDI,2018-04-19,04,NA,4,2018,2018_4,82,1,4.923924731182796,2.042742930740054,fixed,95,21,41,NA,365,depletion
MCDI.20181024.02,MCDI,2018-10-24,02,NA,10,2018,2018_10,92,1,4.923924731182796,2.042742930740054,fixed,97,55,44,NA,366,depletion
MCDI.20181026.04,MCDI,2018-10-26,04,NA,10,2018,2018_10,94,1,4.923924731182796,2.042742930740054,fixed,126,31,34,NA,367,depletion
MCDI.20190417.02,MCDI,2019-04-17,02,NA,4,2019,2019_4,96,1,4.923924731182796,2.042742930740054,fixed,76,78,21,NA,368,depletion
MCDI.20190418.04,MCDI,2019-04-18,04,NA,4,2019,2019_4,103,1,4.923924731182796,2.042742930740054,fixed,106,29,14,NA,369,depletion
MCDI.20191031.02,MCDI,2019-10-31,02,CAMANO,10,2019,2019_10,95,1,4.923924731182796,2.042742930740054,fixed,22,37,22,NA,370,depletion
MCDI.20191031.02,MCDI,2019-10-31,02,NA,10,2019,2019_10,95,1,4.923924731182796,2.042742930740054,fixed,82,15,10,NA,371,depletion
MCDI.20191101.04,MCDI,2019-11-01,04,NA,11,2019,2019_11,NA,NA,4.923924731182796,2.042742930740054,fixed,70,42,16,NA,372,depletion
MCDI.20200616.02,MCDI,2020-06-16,02,NA,6,2020,2020_6,99,1,4.923924731182796,2.042742930740054,fixed,102,32,7,NA,373,depletion
MCDI.20201030.02,MCDI,2020-10-30,02,CAMANO,10,2020,2020_10,73,1,4.923924731182796,2.042742930740054,fixed,37,84,62,NA,374,no depletion
MCDI.20201030.02,MCDI,2020-10-30,02,NA,10,2020,2020_10,73,1,4.923924731182796,2.042742930740054,fixed,87,68,24,NA,375,depletion
MCDI.20201102.04,MCDI,2020-11-02,04,CAMANO,11,2020,2020_11,NA,NA,4.923924731182796,2.042742930740054,fixed,34,78,62,NA,376,no depletion
MCDI.20201102.04,MCDI,2020-11-02,04,ETHSPE,11,2020,2020_11,NA,NA,4.923924731182796,2.042742930740054,fixed,60,179,72,NA,377,no depletion
MCDI.20201102.04,MCDI,2020-11-02,04,NA,11,2020,2020_11,NA,NA,4.923924731182796,2.042742930740054,fixed,167,40,28,NA,378,depletion
MCDI.20210428.02,MCDI,2021-04-28,02,CAMANO,4,2021,2021_4,94,1,4.923924731182796,2.042742930740054,fixed,154,45,25,NA,379,depletion
MCDI.20210428.02,MCDI,2021-04-28,02,ETHSPE,4,2021,2021_4,94,1,4.923924731182796,2.042742930740054,fixed,68,95,55,NA,380,depletion
MCDI.20210428.02,MCDI,2021-04-28,02,NA,4,2021,2021_4,94,1,4.923924731182796,2.042742930740054,fixed,143,12,5,NA,381,depletion
MCDI.20211026.02,MCDI,2021-10-26,02,NA,10,2021,2021_10,79,1,4.923924731182796,2.042742930740054,fixed,37,44,50,NA,382,no depletion
MCRA.20171002.06,MCRA,2017-10-02,06,NA,10,2017,2017_10,90,1,5.67609375,2.1661126584187844,fixed,17,25,12,NA,383,depletion
MCRA.20171003.04,MCRA,2017-10-03,04,NA,10,2017,2017_10,100,1,5.67609375,2.1661126584187844,fixed,31,24,13,NA,384,depletion
MCRA.20171004.08,MCRA,2017-10-04,08,NA,10,2017,2017_10,95,1,5.67609375,2.1661126584187844,fixed,48,14,2,NA,385,depletion
MCRA.20181001.04,MCRA,2018-10-01,04,NA,10,2018,2018_10,106,1,5.67609375,2.1661126584187844,fixed,52,24,6,NA,386,depletion
MCRA.20181002.06,MCRA,2018-10-02,06,NA,10,2018,2018_10,87,1,5.67609375,2.1661126584187844,fixed,19,14,5,NA,387,depletion
MCRA.20181003.08,MCRA,2018-10-03,08,NA,10,2018,2018_10,109,1,5.67609375,2.1661126584187844,fixed,36,11,16,NA,388,depletion
MCRA.20191008.04,MCRA,2019-10-08,04,NA,10,2019,2019_10,102,1,5.67609375,2.1661126584187844,fixed,37,18,8,NA,389,depletion
MCRA.20191009.06,MCRA,2019-10-09,06,NA,10,2019,2019_10,88,1,5.67609375,2.1661126584187844,fixed,18,11,13,NA,390,depletion
MCRA.20211102.04,MCRA,2021-11-02,04,NA,11,2021,2021_11,101,1,5.67609375,2.1661126584187844,fixed,10,6,8,NA,391,depletion
MCRA.20211103.06,MCRA,2021-11-03,06,NA,11,2021,2021_11,80,1,5.67609375,2.1661126584187844,fixed,7,8,11,NA,392,no depletion
MCRA.20211103.08,MCRA,2021-11-03,08,NA,11,2021,2021_11,102,1,5.67609375,2.1661126584187844,fixed,9,5,3,NA,393,depletion
MCRA.20220928.04,MCRA,2022-09-28,04,NA,9,2022,2022_9,105,1,5.67609375,2.1661126584187844,fixed,23,16,14,NA,394,depletion
OKSR.20190605.03,OKSR,2019-06-05,03,NA,6,2019,2019_6,115,1,7.1363859649122805,3.085280399739697,fixed,1,1,0,N,395,depletion
OKSR.20190606.09,OKSR,2019-06-06,09,NA,6,2019,2019_6,107,1,7.1363859649122805,3.085280399739697,fixed,0,2,2,N,396,no depletion
OKSR.20210811.03,OKSR,2021-08-11,03,NA,8,2021,2021_8,106,1,7.1363859649122805,3.085280399739697,fixed,12,3,27,NA,397,no depletion
OKSR.20210812.06,OKSR,2021-08-12,06,NA,8,2021,2021_8,72,1,7.1363859649122805,3.085280399739697,fixed,7,11,19,NA,398,no depletion
OKSR.20220815.03,OKSR,2022-08-15,03,NA,8,2022,2022_8,110,1,7.1363859649122805,3.085280399739697,fixed,7,10,12,NA,399,no depletion
OKSR.20220816.06,OKSR,2022-08-16,06,NA,8,2022,2022_8,80,1,7.1363859649122805,3.085280399739697,fixed,9,14,6,NA,400,depletion
OKSR.20220817.09,OKSR,2022-08-17,09,NA,8,2022,2022_8,104,1,7.1363859649122805,3.085280399739697,fixed,8,4,4,NA,401,depletion
POSE.20161116.02,POSE,2016-11-16,02,RHICAT,11,2016,2016_11,94.3,1,6.213586956521739,3.8538325537293456,fixed,84,61,52,NA,402,depletion
POSE.20161116.02,POSE,2016-11-16,02,NA,11,2016,2016_11,94.3,1,6.213586956521739,3.8538325537293456,fixed,76,9,14,NA,403,depletion
POSE.20161117.07,POSE,2016-11-17,07,RHICAT,11,2016,2016_11,114,1,6.213586956521739,3.8538325537293456,fixed,109,84,51,NA,404,depletion
POSE.20161117.07,POSE,2016-11-17,07,NA,11,2016,2016_11,114,1,6.213586956521739,3.8538325537293456,fixed,65,20,15,NA,405,depletion
POSE.20161118.09,POSE,2016-11-18,09,RHICAT,11,2016,2016_11,96,1,6.213586956521739,3.8538325537293456,fixed,167,82,40,NA,406,depletion
POSE.20161118.09,POSE,2016-11-18,09,NA,11,2016,2016_11,96,1,6.213586956521739,3.8538325537293456,fixed,89,25,14,NA,407,depletion
POSE.20170403.02,POSE,2017-04-03,02,NA,4,2017,2017_4,94.3,1,6.213586956521739,3.8538325537293456,fixed,58,31,18,NA,408,depletion
POSE.20170404.07,POSE,2017-04-04,07,RHICAT,4,2017,2017_4,114,1,6.213586956521739,3.8538325537293456,fixed,19,24,7,NA,409,depletion
POSE.20170404.07,POSE,2017-04-04,07,NA,4,2017,2017_4,114,1,6.213586956521739,3.8538325537293456,fixed,80,18,10,NA,410,depletion
POSE.20170405.09,POSE,2017-04-05,09,NA,4,2017,2017_4,96,1,6.213586956521739,3.8538325537293456,fixed,63,14,20,NA,411,depletion
POSE.20171030.02,POSE,2017-10-30,02,NA,10,2017,2017_10,98,1,6.213586956521739,3.8538325537293456,fixed,61,40,25,NA,412,depletion
POSE.20171031.07,POSE,2017-10-31,07,NA,10,2017,2017_10,111,1,6.213586956521739,3.8538325537293456,fixed,63,18,7,NA,413,depletion
POSE.20171101.09,POSE,2017-11-01,09,RHIATR,11,2017,2017_11,103,1,6.213586956521739,3.8538325537293456,fixed,6,24,14,NA,414,no depletion
POSE.20171101.09,POSE,2017-11-01,09,NA,11,2017,2017_11,103,1,6.213586956521739,3.8538325537293456,fixed,61,7,8,NA,415,depletion
POSE.20180402.02,POSE,2018-04-02,02,NA,4,2018,2018_4,98,1,6.213586956521739,3.8538325537293456,fixed,63,30,29,NA,416,depletion
POSE.20180403.07,POSE,2018-04-03,07,NA,4,2018,2018_4,118,1,6.213586956521739,3.8538325537293456,fixed,47,27,16,NA,417,depletion
POSE.20180404.09,POSE,2018-04-04,09,NA,4,2018,2018_4,104,1,6.213586956521739,3.8538325537293456,fixed,40,23,15,NA,418,depletion
POSE.20181112.02,POSE,2018-11-12,02,NA,11,2018,2018_11,97,1,6.213586956521739,3.8538325537293456,fixed,81,24,2,NA,419,depletion
POSE.20181113.07,POSE,2018-11-13,07,NA,11,2018,2018_11,112,1,6.213586956521739,3.8538325537293456,fixed,68,35,11,NA,420,depletion
POSE.20181114.09,POSE,2018-11-14,09,NA,11,2018,2018_11,104,1,6.213586956521739,3.8538325537293456,fixed,84,27,1,NA,421,depletion
POSE.20190408.02,POSE,2019-04-08,02,NA,4,2019,2019_4,98,1,6.213586956521739,3.8538325537293456,fixed,65,40,23,NA,422,depletion
POSE.20190410.07,POSE,2019-04-10,07,RHIATR,4,2019,2019_4,112,1,6.213586956521739,3.8538325537293456,fixed,13,29,12,NA,423,depletion
POSE.20190410.07,POSE,2019-04-10,07,NA,4,2019,2019_4,112,1,6.213586956521739,3.8538325537293456,fixed,105,23,6,NA,424,depletion
POSE.20190411.09,POSE,2019-04-11,09,NA,4,2019,2019_4,106,1,6.213586956521739,3.8538325537293456,fixed,85,16,11,NA,425,depletion
POSE.20191111.02,POSE,2019-11-11,02,RHIATR,11,2019,2019_11,99,1,6.213586956521739,3.8538325537293456,fixed,20,24,34,NA,426,no depletion
POSE.20191111.02,POSE,2019-11-11,02,NA,11,2019,2019_11,99,1,6.213586956521739,3.8538325537293456,fixed,73,27,12,NA,427,depletion
POSE.20191112.07,POSE,2019-11-12,07,RHIATR,11,2019,2019_11,111,1,6.213586956521739,3.8538325537293456,fixed,33,29,16,NA,428,depletion
POSE.20191112.07,POSE,2019-11-12,07,NA,11,2019,2019_11,111,1,6.213586956521739,3.8538325537293456,fixed,68,5,9,NA,429,depletion
POSE.20191114.09,POSE,2019-11-14,09,RHIATR,11,2019,2019_11,105,1,6.213586956521739,3.8538325537293456,fixed,32,43,23,NA,430,depletion
POSE.20191114.09,POSE,2019-11-14,09,NA,11,2019,2019_11,105,1,6.213586956521739,3.8538325537293456,fixed,63,6,6,NA,431,depletion
POSE.20201109.02,POSE,2020-11-09,02,RHIATR,11,2020,2020_11,100,1,6.213586956521739,3.8538325537293456,fixed,36,39,21,NA,432,depletion
POSE.20201109.02,POSE,2020-11-09,02,NA,11,2020,2020_11,100,1,6.213586956521739,3.8538325537293456,fixed,70,23,10,NA,433,depletion
POSE.20201110.07,POSE,2020-11-10,07,NA,11,2020,2020_11,113,1,6.213586956521739,3.8538325537293456,fixed,71,21,10,NA,434,depletion
POSE.20201111.09,POSE,2020-11-11,09,NA,11,2020,2020_11,103,1,6.213586956521739,3.8538325537293456,fixed,64,15,8,NA,435,depletion
POSE.20210405.02,POSE,2021-04-05,02,NA,4,2021,2021_4,98,1,6.213586956521739,3.8538325537293456,fixed,64,26,15,NA,436,depletion
POSE.20210406.07,POSE,2021-04-06,07,NA,4,2021,2021_4,111,1,6.213586956521739,3.8538325537293456,fixed,71,22,11,NA,437,depletion
POSE.20210407.09,POSE,2021-04-07,09,NA,4,2021,2021_4,104,1,6.213586956521739,3.8538325537293456,fixed,72,32,12,NA,438,depletion
POSE.20211025.02,POSE,2021-10-25,02,NA,10,2021,2021_10,98,1,6.213586956521739,3.8538325537293456,fixed,58,19,4,NA,439,depletion
POSE.20211026.07,POSE,2021-10-26,07,RHIATR,10,2021,2021_10,111,1,6.213586956521739,3.8538325537293456,fixed,7,25,10,NA,440,no depletion
POSE.20211026.07,POSE,2021-10-26,07,NA,10,2021,2021_10,111,1,6.213586956521739,3.8538325537293456,fixed,70,9,9,NA,441,depletion
POSE.20211027.09,POSE,2021-10-27,09,NA,10,2021,2021_10,106,1,6.213586956521739,3.8538325537293456,fixed,69,8,11,NA,442,depletion
POSE.20220404.02,POSE,2022-04-04,02,NA,4,2022,2022_4,98,1,6.213586956521739,3.8538325537293456,fixed,55,17,11,NA,443,depletion
POSE.20220405.07,POSE,2022-04-05,07,NA,4,2022,2022_4,112,1,6.213586956521739,3.8538325537293456,fixed,48,19,9,NA,444,depletion
POSE.20220406.09,POSE,2022-04-06,09,NA,4,2022,2022_4,100,1,6.213586956521739,3.8538325537293456,fixed,30,7,8,NA,445,depletion
POSE.20221031.02,POSE,2022-10-31,02,NA,10,2022,2022_10,95,1,6.213586956521739,3.8538325537293456,fixed,55,25,13,NA,446,depletion
POSE.20221101.07,POSE,2022-11-01,07,RHIATR,11,2022,2022_11,124,1,6.213586956521739,3.8538325537293456,fixed,21,22,12,NA,447,depletion
POSE.20221101.07,POSE,2022-11-01,07,NA,11,2022,2022_11,124,1,6.213586956521739,3.8538325537293456,fixed,58,7,6,NA,448,depletion
POSE.20221102.09,POSE,2022-11-02,09,RHIATR,11,2022,2022_11,104,1,6.213586956521739,3.8538325537293456,fixed,17,33,27,NA,449,no depletion
POSE.20221102.09,POSE,2022-11-02,09,NA,11,2022,2022_11,104,1,6.213586956521739,3.8538325537293456,fixed,66,8,11,NA,450,depletion
PRIN.20170228.03,PRIN,2017-02-28,03,NA,2,2017,2017_2,117,1,4.772333333333333,1.9931424878641257,fixed,63,71,33,NA,451,depletion
PRIN.20170301.07,PRIN,2017-03-01,07,NA,3,2017,2017_3,77,1,4.772333333333333,1.9931424878641257,fixed,68,57,27,NA,452,depletion
PRIN.20170302.10,PRIN,2017-03-02,10,NA,3,2017,2017_3,88,1,4.772333333333333,1.9931424878641257,fixed,83,36,29,NA,453,depletion
PRIN.20171114.03,PRIN,2017-11-14,03,GAMAFF,11,2017,2017_11,117,1,4.772333333333333,1.9931424878641257,fixed,65,95,51,NA,454,depletion
PRIN.20171114.03,PRIN,2017-11-14,03,NA,11,2017,2017_11,117,1,4.772333333333333,1.9931424878641257,fixed,123,23,18,NA,455,depletion
PRIN.20171115.07,PRIN,2017-11-15,07,FUNNOT,11,2017,2017_11,77,1,4.772333333333333,1.9931424878641257,fixed,57,41,28,NA,456,depletion
PRIN.20171115.07,PRIN,2017-11-15,07,NA,11,2017,2017_11,77,1,4.772333333333333,1.9931424878641257,fixed,104,7,2,NA,457,depletion
PRIN.20171116.10,PRIN,2017-11-16,10,GAMAFF,11,2017,2017_11,88,1,4.772333333333333,1.9931424878641257,fixed,24,67,41,NA,458,no depletion
PRIN.20171116.10,PRIN,2017-11-16,10,NA,11,2017,2017_11,88,1,4.772333333333333,1.9931424878641257,fixed,66,5,9,NA,459,depletion
PRIN.20180320.03,PRIN,2018-03-20,03,NA,3,2018,2018_3,109,1,4.772333333333333,1.9931424878641257,fixed,43,31,28,NA,460,depletion
PRIN.20180321.07,PRIN,2018-03-21,07,NA,3,2018,2018_3,76,1,4.772333333333333,1.9931424878641257,fixed,58,28,29,NA,461,depletion
PRIN.20180322.10,PRIN,2018-03-22,10,NA,3,2018,2018_3,85,1,4.772333333333333,1.9931424878641257,fixed,19,15,8,NA,462,depletion
PRIN.20181113.07,PRIN,2018-11-13,07,NA,11,2018,2018_11,78,1,4.772333333333333,1.9931424878641257,fixed,60,29,31,NA,463,depletion
PRIN.20181114.03,PRIN,2018-11-14,03,NA,11,2018,2018_11,108,1,4.772333333333333,1.9931424878641257,fixed,30,34,14,NA,464,depletion
PRIN.20181115.10,PRIN,2018-11-15,10,NA,11,2018,2018_11,89,1,4.772333333333333,1.9931424878641257,fixed,19,36,16,NA,465,depletion
PRIN.20190226.03,PRIN,2019-02-26,03,NA,2,2019,2019_2,107,1,4.772333333333333,1.9931424878641257,fixed,37,41,12,NA,466,depletion
PRIN.20190227.10,PRIN,2019-02-27,10,NA,2,2019,2019_2,85,1,4.772333333333333,1.9931424878641257,fixed,24,21,17,NA,467,depletion
PRIN.20190228.07,PRIN,2019-02-28,07,NA,2,2019,2019_2,81,1,4.772333333333333,1.9931424878641257,fixed,63,35,36,NA,468,depletion
PRIN.20191118.03,PRIN,2019-11-18,03,NA,11,2019,2019_11,111,1,4.772333333333333,1.9931424878641257,fixed,44,28,19,NA,469,depletion
PRIN.20191119.07,PRIN,2019-11-19,07,GAMAFF,11,2019,2019_11,82,1,4.772333333333333,1.9931424878641257,fixed,124,167,30,NA,470,depletion
PRIN.20191119.07,PRIN,2019-11-19,07,NA,11,2019,2019_11,82,1,4.772333333333333,1.9931424878641257,fixed,94,15,1,NA,471,depletion
PRIN.20191120.10,PRIN,2019-11-20,10,NA,11,2019,2019_11,86,1,4.772333333333333,1.9931424878641257,fixed,16,18,14,NA,472,depletion
PRIN.20200310.03,PRIN,2020-03-10,03,NA,3,2020,2020_3,105,1,4.772333333333333,1.9931424878641257,fixed,38,70,15,NA,473,depletion
PRIN.20200311.10,PRIN,2020-03-11,10,NA,3,2020,2020_3,86,1,4.772333333333333,1.9931424878641257,fixed,41,24,1,NA,474,depletion
PRIN.20200312.07,PRIN,2020-03-12,07,GAMAFF,3,2020,2020_3,79,1,4.772333333333333,1.9931424878641257,fixed,9,60,39,NA,475,no depletion
PRIN.20200312.07,PRIN,2020-03-12,07,NA,3,2020,2020_3,79,1,4.772333333333333,1.9931424878641257,fixed,100,33,20,NA,476,depletion
PRIN.20211116.03,PRIN,2021-11-16,03,GAMAFF,11,2021,2021_11,121,1,4.772333333333333,1.9931424878641257,fixed,140,161,127,NA,477,depletion
PRIN.20211116.03,PRIN,2021-11-16,03,NA,11,2021,2021_11,121,1,4.772333333333333,1.9931424878641257,fixed,121,33,16,NA,478,depletion
PRIN.20211117.07,PRIN,2021-11-17,07,GAMAFF,11,2021,2021_11,82,1,4.772333333333333,1.9931424878641257,fixed,54,199,89,NA,479,no depletion
PRIN.20211117.07,PRIN,2021-11-17,07,NA,11,2021,2021_11,82,1,4.772333333333333,1.9931424878641257,fixed,110,50,26,NA,480,depletion
PRIN.20211119.10,PRIN,2021-11-19,10,GAMAFF,11,2021,2021_11,86,1,4.772333333333333,1.9931424878641257,fixed,264,153,97,NA,481,depletion
PRIN.20211119.10,PRIN,2021-11-19,10,NA,11,2021,2021_11,86,1,4.772333333333333,1.9931424878641257,fixed,71,20,11,NA,482,depletion
REDB.20161020.02,REDB,2016-10-20,02,NA,10,2016,2016_10,85,1,2.702589861751152,0.9827773462278955,fixed,20,11,9,NA,483,depletion
REDB.20161021.05,REDB,2016-10-21,05,NA,10,2016,2016_10,107,1,2.702589861751152,0.9827773462278955,fixed,31,16,9,NA,484,depletion
REDB.20161022.07,REDB,2016-10-22,07,NA,10,2016,2016_10,90,1,2.702589861751152,0.9827773462278955,fixed,18,14,10,NA,485,depletion
REDB.20171019.02,REDB,2017-10-19,02,NA,10,2017,2017_10,85,1,2.702589861751152,0.9827773462278955,fixed,5,6,8,NA,486,no depletion
REDB.20171020.07,REDB,2017-10-20,07,NA,10,2017,2017_10,93,1,2.702589861751152,0.9827773462278955,fixed,12,17,8,NA,487,depletion
REDB.20171021.05,REDB,2017-10-21,05,NA,10,2017,2017_10,107,1,2.702589861751152,0.9827773462278955,fixed,13,2,2,NA,488,depletion
REDB.20180423.02,REDB,2018-04-23,02,NA,4,2018,2018_4,85,1,2.702589861751152,0.9827773462278955,fixed,0,1,1,N,489,no depletion
REDB.20180425.07,REDB,2018-04-25,07,NA,4,2018,2018_4,93,1,2.702589861751152,0.9827773462278955,fixed,2,3,1,NA,490,depletion
REDB.20180427.05,REDB,2018-04-27,05,NA,4,2018,2018_4,107,1,2.702589861751152,0.9827773462278955,fixed,2,1,1,NA,491,depletion
REDB.20181015.02,REDB,2018-10-15,02,NA,10,2018,2018_10,85,1,2.702589861751152,0.9827773462278955,fixed,0,1,0,N,492,depletion
REDB.20181017.05,REDB,2018-10-17,05,NA,10,2018,2018_10,107,1,2.702589861751152,0.9827773462278955,fixed,2,1,0,N,493,depletion
REDB.20181018.07,REDB,2018-10-18,07,NA,10,2018,2018_10,93,1,2.702589861751152,0.9827773462278955,fixed,6,3,4,NA,494,depletion
REDB.20191014.02,REDB,2019-10-14,02,NA,10,2019,2019_10,85,1,2.702589861751152,0.9827773462278955,fixed,14,3,3,NA,495,depletion
REDB.20191015.05,REDB,2019-10-15,05,NA,10,2019,2019_10,107,1,2.702589861751152,0.9827773462278955,fixed,6,2,1,NA,496,depletion
REDB.20191016.07,REDB,2019-10-16,07,NA,10,2019,2019_10,93,1,2.702589861751152,0.9827773462278955,fixed,4,5,2,NA,497,depletion
REDB.20221024.02,REDB,2022-10-24,02,NA,10,2022,2022_10,80,1,2.702589861751152,0.9827773462278955,fixed,3,0,2,N,498,depletion
REDB.20221026.05,REDB,2022-10-26,05,NA,10,2022,2022_10,93,1,2.702589861751152,0.9827773462278955,fixed,1,1,0,N,499,depletion
REDB.20221027.07,REDB,2022-10-27,07,NA,10,2022,2022_10,91,1,2.702589861751152,0.9827773462278955,fixed,3,0,1,N,500,depletion
SYCA.20190220.04,SYCA,2019-02-20,04,NA,2,2019,2019_2,113,1,4.525212264150944,2.3260914878146455,fixed,2,2,2,NA,501,depletion
SYCA.20190625.04,SYCA,2019-06-25,04,PIMPRO,6,2019,2019_6,106,1,4.525212264150944,2.3260914878146455,fixed,108,45,19,NA,502,depletion
SYCA.20190625.04,SYCA,2019-06-25,04,NA,6,2019,2019_6,106,1,4.525212264150944,2.3260914878146455,fixed,50,50,50,NA,503,depletion
SYCA.20190626.06,SYCA,2019-06-26,06,CYPSPP3,6,2019,2019_6,100,1,4.525212264150944,2.3260914878146455,fixed,85,49,6,NA,504,depletion
SYCA.20190626.06,SYCA,2019-06-26,06,NA,6,2019,2019_6,100,1,4.525212264150944,2.3260914878146455,fixed,50,50,50,NA,505,depletion
SYCA.20190627.10,SYCA,2019-06-27,10,CYPSPP3,6,2019,2019_6,106,1,4.525212264150944,2.3260914878146455,fixed,241,67,45,NA,506,depletion
SYCA.20190627.10,SYCA,2019-06-27,10,NA,6,2019,2019_6,106,1,4.525212264150944,2.3260914878146455,fixed,55,54,50,NA,507,depletion
SYCA.20200204.04,SYCA,2020-02-04,04,NA,2,2020,2020_2,98,1,4.525212264150944,2.3260914878146455,fixed,33,46,41,NA,508,no depletion
SYCA.20200205.06,SYCA,2020-02-05,06,NA,2,2020,2020_2,98,1,4.525212264150944,2.3260914878146455,fixed,53,51,51,NA,509,depletion
SYCA.20200206.10,SYCA,2020-02-06,10,CYPSPP3,2,2020,2020_2,109,1,4.525212264150944,2.3260914878146455,fixed,76,36,10,NA,510,depletion
SYCA.20200206.10,SYCA,2020-02-06,10,NA,2,2020,2020_2,109,1,4.525212264150944,2.3260914878146455,fixed,61,66,59,NA,511,depletion
SYCA.20201014.06,SYCA,2020-10-14,06,AGOCHR,10,2020,2020_10,92,1,4.525212264150944,2.3260914878146455,fixed,647,443,286,NA,512,depletion
SYCA.20201014.06,SYCA,2020-10-14,06,NA,10,2020,2020_10,92,1,4.525212264150944,2.3260914878146455,fixed,58,58,53,NA,513,depletion
SYCA.20220201.06,SYCA,2022-02-01,06,AGOCHR,2,2022,2022_2,103,1,4.525212264150944,2.3260914878146455,fixed,4,95,2,NA,514,depletion
SYCA.20220201.06,SYCA,2022-02-01,06,NA,2,2022,2022_2,103,1,4.525212264150944,2.3260914878146455,fixed,50,51,50,NA,515,depletion
SYCA.20220202.04,SYCA,2022-02-02,04,AGOCHR,2,2022,2022_2,103,1,4.525212264150944,2.3260914878146455,fixed,483,237,117,NA,516,depletion
SYCA.20220202.04,SYCA,2022-02-02,04,NA,2,2022,2022_2,103,1,4.525212264150944,2.3260914878146455,fixed,50,50,50,NA,517,depletion
SYCA.20220203.10,SYCA,2022-02-03,10,AGOCHR,2,2022,2022_2,106,1,4.525212264150944,2.3260914878146455,fixed,108,75,182,NA,518,no depletion
SYCA.20220203.10,SYCA,2022-02-03,10,NA,2,2022,2022_2,106,1,4.525212264150944,2.3260914878146455,fixed,50,50,50,NA,519,depletion
TECR.20191014.01,TECR,2019-10-14,01,NA,10,2019,2019_10,94,1,2.0358030303030303,0.9388738891123579,fixed,27,24,13,NA,520,depletion
TECR.20191015.05,TECR,2019-10-15,05,NA,10,2019,2019_10,95,1,2.0358030303030303,0.9388738891123579,fixed,53,26,26,NA,521,depletion
TECR.20191016.06,TECR,2019-10-16,06,NA,10,2019,2019_10,100,1,2.0358030303030303,0.9388738891123579,fixed,53,38,20,NA,522,depletion
TECR.20210601.01,TECR,2021-06-01,01,SALFON,6,2021,2021_6,97,1,2.0358030303030303,0.9388738891123579,fixed,5,12,9,NA,523,no depletion
TECR.20210601.01,TECR,2021-06-01,01,NA,6,2021,2021_6,97,1,2.0358030303030303,0.9388738891123579,fixed,50,8,11,NA,524,depletion
TECR.20210603.05,TECR,2021-06-03,05,SALFON,6,2021,2021_6,90,1,2.0358030303030303,0.9388738891123579,fixed,23,24,18,NA,525,depletion
TECR.20210604.06,TECR,2021-06-04,06,SALFON,6,2021,2021_6,98,1,2.0358030303030303,0.9388738891123579,fixed,17,27,14,NA,526,depletion
TECR.20220518.06,TECR,2022-05-18,06,SALFON,5,2022,2022_5,90,1,2.0358030303030303,0.9388738891123579,fixed,15,26,13,NA,527,depletion
WALK.20160329.01,WALK,2016-03-29,01,NA,3,2016,2016_3,119,1,3.4298,0.8229173213129174,fixed,93,44,10,NA,528,depletion
WALK.20161102.01,WALK,2016-11-02,01,NA,11,2016,2016_11,NA,1,3.4298,0.8229173213129174,fixed,83,20,10,NA,529,depletion
WALK.20170314.01,WALK,2017-03-14,01,NA,3,2017,2017_3,NA,NA,3.4298,0.8229173213129174,fixed,164,33,18,NA,530,depletion
WALK.20170315.03,WALK,2017-03-15,03,NA,3,2017,2017_3,NA,NA,3.4298,0.8229173213129174,fixed,112,35,18,NA,531,depletion
WALK.20170315.05,WALK,2017-03-15,05,NA,3,2017,2017_3,110,1,3.4298,0.8229173213129174,fixed,57,33,11,NA,532,depletion
WALK.20170316.05,WALK,2017-03-16,05,NA,3,2017,2017_3,NA,NA,3.4298,0.8229173213129174,fixed,114,66,22,NA,533,depletion
WALK.20171024.01,WALK,2017-10-24,01,NA,10,2017,2017_10,115,1,3.4298,0.8229173213129174,fixed,52,52,28,NA,534,depletion
WALK.20171025.03,WALK,2017-10-25,03,NA,10,2017,2017_10,100,1,3.4298,0.8229173213129174,fixed,54,32,9,NA,535,depletion
WALK.20171026.05,WALK,2017-10-26,05,NA,10,2017,2017_10,105,1,3.4298,0.8229173213129174,fixed,74,50,15,NA,536,depletion
WALK.20180328.05,WALK,2018-03-28,05,NA,3,2018,2018_3,110,1,3.4298,0.8229173213129174,fixed,34,22,13,NA,537,depletion
WALK.20181106.01,WALK,2018-11-06,01,NA,11,2018,2018_11,115,1,3.4298,0.8229173213129174,fixed,51,27,9,NA,538,depletion
WALK.20181107.03,WALK,2018-11-07,03,NA,11,2018,2018_11,100,1,3.4298,0.8229173213129174,fixed,51,18,4,NA,539,depletion
WALK.20181107.05,WALK,2018-11-07,05,NA,11,2018,2018_11,110,1,3.4298,0.8229173213129174,fixed,68,24,4,NA,540,depletion
WALK.20190319.01,WALK,2019-03-19,01,NA,3,2019,2019_3,114,1,3.4298,0.8229173213129174,fixed,50,18,8,NA,541,depletion
WALK.20190320.03,WALK,2019-03-20,03,NA,3,2019,2019_3,87,1,3.4298,0.8229173213129174,fixed,44,14,3,NA,542,depletion
WALK.20190320.05,WALK,2019-03-20,05,NA,3,2019,2019_3,111,1,3.4298,0.8229173213129174,fixed,40,15,5,NA,543,depletion
WALK.20191105.01,WALK,2019-11-05,01,NA,11,2019,2019_11,110,1,3.4298,0.8229173213129174,fixed,53,37,9,NA,544,depletion
WALK.20191106.03,WALK,2019-11-06,03,NA,11,2019,2019_11,88,1,3.4298,0.8229173213129174,fixed,50,11,2,NA,545,depletion
WALK.20191106.05,WALK,2019-11-06,05,NA,11,2019,2019_11,117,1,3.4298,0.8229173213129174,fixed,57,25,12,NA,546,depletion
WALK.20200318.01,WALK,2020-03-18,01,NA,3,2020,2020_3,117,1,3.4298,0.8229173213129174,fixed,39,27,8,NA,547,depletion
WALK.20200319.03,WALK,2020-03-19,03,NA,3,2020,2020_3,90,1,3.4298,0.8229173213129174,fixed,44,13,7,NA,548,depletion
WALK.20201102.01,WALK,2020-11-02,01,NA,11,2020,2020_11,117,1,3.4298,0.8229173213129174,fixed,51,51,27,NA,549,depletion
WALK.20201103.03,WALK,2020-11-03,03,NA,11,2020,2020_11,87,1,3.4298,0.8229173213129174,fixed,57,28,13,NA,550,depletion
WALK.20201104.05,WALK,2020-11-04,05,NA,11,2020,2020_11,116,1,3.4298,0.8229173213129174,fixed,68,53,20,NA,551,depletion
WALK.20210324.05,WALK,2021-03-24,05,NA,3,2021,2021_3,116,1,3.4298,0.8229173213129174,fixed,68,26,14,NA,552,depletion
WALK.20211109.01,WALK,2021-11-09,01,NA,11,2021,2021_11,113,1,3.4298,0.8229173213129174,fixed,50,21,6,NA,553,depletion
WALK.20211109.03,WALK,2021-11-09,03,NA,11,2021,2021_11,87,1,3.4298,0.8229173213129174,fixed,34,20,3,NA,554,depletion
WALK.20211110.05,WALK,2021-11-10,05,NA,11,2021,2021_11,117,1,3.4298,0.8229173213129174,fixed,68,27,7,NA,555,depletion
WALK.20220322.01,WALK,2022-03-22,01,NA,3,2022,2022_3,115,1,3.4298,0.8229173213129174,fixed,40,19,2,NA,556,depletion
WALK.20220322.03,WALK,2022-03-22,03,NA,3,2022,2022_3,87,1,3.4298,0.8229173213129174,fixed,32,8,2,NA,557,depletion
WALK.20220324.05,WALK,2022-03-24,05,NA,3,2022,2022_3,120,1,3.4298,0.8229173213129174,fixed,59,23,11,NA,558,depletion
WALK.20221108.01,WALK,2022-11-08,01,RHIATR,11,2022,2022_11,115,1,3.4298,0.8229173213129174,fixed,118,58,29,NA,559,depletion
WALK.20221108.03,WALK,2022-11-08,03,RHIATR,11,2022,2022_11,87,1,3.4298,0.8229173213129174,fixed,7,28,9,NA,560,no depletion
WALK.20221109.05,WALK,2022-11-09,05,RHIATR,11,2022,2022_11,120,1,3.4298,0.8229173213129174,fixed,61,37,19,NA,561,depletion
WALK.20221109.05,WALK,2022-11-09,05,NA,11,2022,2022_11,120,1,3.4298,0.8229173213129174,fixed,70,5,1,NA,562,depletion
WLOU.20170605.01,WLOU,2017-06-05,01,NA,6,2017,2017_6,84,1,2.2164273504273506,0.6972954390191988,fixed,1,4,0,N,563,depletion
WLOU.20170606.04,WLOU,2017-06-06,04,NA,6,2017,2017_6,100,1,2.2164273504273506,0.6972954390191988,fixed,6,4,3,NA,564,depletion
WLOU.20170607.07,WLOU,2017-06-07,07,NA,6,2017,2017_6,113,1,2.2164273504273506,0.6972954390191988,fixed,9,2,1,NA,565,depletion
WLOU.20170927.01,WLOU,2017-09-27,01,NA,9,2017,2017_9,84,1,2.2164273504273506,0.6972954390191988,fixed,5,5,7,NA,566,no depletion
WLOU.20170927.04,WLOU,2017-09-27,04,NA,9,2017,2017_9,100,1,2.2164273504273506,0.6972954390191988,fixed,31,8,4,NA,567,depletion
WLOU.20170928.07,WLOU,2017-09-28,07,NA,9,2017,2017_9,119,1,2.2164273504273506,0.6972954390191988,fixed,13,6,5,NA,568,depletion
WLOU.20180529.01,WLOU,2018-05-29,01,NA,5,2018,2018_5,84,1,2.2164273504273506,0.6972954390191988,fixed,7,3,0,N,569,depletion
WLOU.20180530.04,WLOU,2018-05-30,04,NA,5,2018,2018_5,100,1,2.2164273504273506,0.6972954390191988,fixed,6,7,5,NA,570,depletion
WLOU.20180531.07,WLOU,2018-05-31,07,NA,5,2018,2018_5,119,1,2.2164273504273506,0.6972954390191988,fixed,2,5,2,NA,571,depletion
WLOU.20180924.01,WLOU,2018-09-24,01,NA,9,2018,2018_9,84,1,2.2164273504273506,0.6972954390191988,fixed,7,7,3,NA,572,depletion
WLOU.20180925.04,WLOU,2018-09-25,04,NA,9,2018,2018_9,100,1,2.2164273504273506,0.6972954390191988,fixed,20,5,5,NA,573,depletion
WLOU.20190923.01,WLOU,2019-09-23,01,NA,9,2019,2019_9,84,1,2.2164273504273506,0.6972954390191988,fixed,15,14,6,NA,574,depletion
WLOU.20190924.04,WLOU,2019-09-24,04,NA,9,2019,2019_9,100,1,2.2164273504273506,0.6972954390191988,fixed,31,7,14,NA,575,depletion
WLOU.20190925.07,WLOU,2019-09-25,07,NA,9,2019,2019_9,119,1,2.2164273504273506,0.6972954390191988,fixed,17,3,5,NA,576,depletion
WLOU.20210525.01,WLOU,2021-05-25,01,NA,5,2021,2021_5,82,1,2.2164273504273506,0.6972954390191988,fixed,4,6,4,NA,577,depletion
WLOU.20210525.04,WLOU,2021-05-25,04,NA,5,2021,2021_5,81,1,2.2164273504273506,0.6972954390191988,fixed,7,5,4,NA,578,depletion
WLOU.20210526.07,WLOU,2021-05-26,07,NA,5,2021,2021_5,117,1,2.2164273504273506,0.6972954390191988,fixed,10,4,4,NA,579,depletion
WLOU.20210927.01,WLOU,2021-09-27,01,NA,9,2021,2021_9,81,1,2.2164273504273506,0.6972954390191988,fixed,8,15,6,NA,580,depletion
WLOU.20210928.04,WLOU,2021-09-28,04,NA,9,2021,2021_9,84,1,2.2164273504273506,0.6972954390191988,fixed,15,16,10,NA,581,depletion
WLOU.20210929.07,WLOU,2021-09-29,07,NA,9,2021,2021_9,114,1,2.2164273504273506,0.6972954390191988,fixed,20,10,5,NA,582,depletion
WLOU.20220711.01,WLOU,2022-07-11,01,NA,7,2022,2022_7,80,1,2.2164273504273506,0.6972954390191988,fixed,8,0,4,N,583,depletion
WLOU.20220712.04,WLOU,2022-07-12,04,NA,7,2022,2022_7,80,1,2.2164273504273506,0.6972954390191988,fixed,10,7,8,NA,584,depletion
WLOU.20220713.07,WLOU,2022-07-13,07,NA,7,2022,2022_7,113,1,2.2164273504273506,0.6972954390191988,fixed,3,5,4,NA,585,no depletion
WLOU.20220919.01,WLOU,2022-09-19,01,NA,9,2022,2022_9,73,1,2.2164273504273506,0.6972954390191988,fixed,9,11,6,NA,586,depletion
WLOU.20220920.04,WLOU,2022-09-20,04,NA,9,2022,2022_9,91,1,2.2164273504273506,0.6972954390191988,fixed,21,16,6,NA,587,depletion
WLOU.20220920.07,WLOU,2022-09-20,07,NA,9,2022,2022_9,112,1,2.2164273504273506,0.6972954390191988,fixed,25,9,5,NA,588,depletion
